speciesId,speciesName,score,attack,defense,hp,statProduct,fastMove,chargedMove1,chargedMove2,leadScore,switchScore,closerScore,attackerScore,topMatchups,topCounters
hypno,Hypno,96.7,103.4,142.9,147,2174,CONFUSION,SHADOW_BALL,THUNDER_PUNCH,100,96.8,94.1,91.5,lapras:714;florges:714;miltank:574;dubwool:527;grumpig:523,feraligatr_shadow:284;linoone:396;walrein:461;barbaracle:478;orbeetle:482
grumpig,Grumpig,94.7,113.3,131.4,132,1967,PSYWAVE,DYNAMIC_PUNCH,SHADOW_BALL,93.1,97.6,96.1,79.2,dubwool:765;lapras:696;florges:655;azumarill:590;miltank:564,raichu_alolan:193;barbaracle:204;slowking_galarian:344;blastoise:430;hypno:476
uxie,Uxie,94.6,102.1,176,122,2194,CONFUSION,SWIFT,THUNDER,91,88.4,88.1,100,florges:717;lapras:663;blastoise:663;dubwool:627;quagsire_shadow:602,barbaracle:265;hypno:367;grumpig:435;raichu_alolan:445;miltank:470
grumpig_shadow,Grumpig (Shadow),94.3,113.3,131.4,132,1967,PSYWAVE,DYNAMIC_PUNCH,SHADOW_BALL,93.1,100,100,57.2,lapras:821;hypno:814;dubwool:723;miltank:647;florges:609,raichu_alolan:193;barbaracle:304;feraligatr_shadow:340;slowking_galarian:362;azumarill:458
miltank,Miltank,92.1,105.3,134.8,150,2131,ROLLOUT,BODY_SLAM,THUNDERBOLT,91.7,90.5,89.3,92.7,feraligatr_shadow:700;azumarill:660;lapras:626;blastoise:626;orbeetle:553,florges:386;dubwool:394;hypno:425;grumpig:435;barbaracle:486
raichu_alolan,Raichu (Alolan),91.2,135.4,109.9,111,1653,THUNDER_SHOCK,WILD_CHARGE,TRAILBLAZE,99.6,88.9,91.1,41.5,lapras:806;grumpig:806;dubwool:671;miltank:626;barbaracle:522,weezing_galarian_shadow:155;dewott:214;dunsparce:252;hypno:299;oinkologne_female:482
dubwool,Dubwool,91.1,110.6,143,128,2025,DOUBLE_KICK,BODY_SLAM,WILD_CHARGE,91.4,79.6,90.5,86,blastoise:679;barbaracle:640;miltank:605;lapras:605;azumarill:570,grumpig:234;raichu_alolan:328;slowking_galarian:373;florges:450;hypno:472
slowking_galarian,Slowking (Galarian),91.1,117.3,117.9,138,1910,ACID,PSYSHOCK,SHADOW_BALL,89.6,92.6,88.5,74,florges:688;grumpig:655;dubwool:626;miltank:623;blastoise:597,raichu_alolan:229;quagsire_shadow:366;lapras:368;barbaracle:400;hypno:472
linoone,Linoone,90.5,114.1,111.7,154,1965,SHADOW_CLAW,SWIFT,GRASS_KNOT,91.7,87.4,89.5,77.2,barbaracle:772;blastoise:662;florges:636;hypno:603;lapras:584,dubwool:250;miltank:363;weezing_galarian_shadow:413;grumpig:446;raichu_alolan:490
oinkologne_female,Oinkologne (Female),90.1,109.6,111.5,167,2042,MUD_SLAP,BODY_SLAM,TRAILBLAZE,91.4,78.8,84.8,83.7,blastoise:688;hypno:598;miltank:586;barbaracle:526;raichu_alolan:517,kingdra:254;grumpig:321;dubwool:343;lapras:432;florges:486
orbeetle,Orbeetle,89.2,107.9,168.6,114,2075,PSYCHO_CUT,PSYSHOCK,BUG_BUZZ,85.8,85.6,89.5,83.7,dubwool:653;florges:640;azumarill:605;grumpig:565;hypno:517,raichu_alolan:247;barbaracle:343;miltank:446;blastoise:496;lapras:497
weezing_galarian_shadow,Weezing (Galarian) (Shadow),89.2,117.6,139.5,116,1905,FAIRY_WIND,SLUDGE,BRUTAL_SWING,88.8,91,84.8,71.7,barbaracle:883;florges:762;dubwool:650;miltank:568;blastoise:538,quagsire_shadow:310;lapras:315;hypno:346;slowking_galarian:351;grumpig:405
blastoise,Blastoise,89.1,112.1,137.7,130,2008,ROLLOUT,HYDRO_CANNON,SKULL_BASH,85.5,78.4,85.5,73.5,azumarill:673;quagsire_shadow:588;feraligatr_shadow:580;grumpig:569;lapras:511,hypno:306;dubwool:320;miltank:373;barbaracle:408;florges:413
hypno_shadow,Hypno (Shadow),88.7,103.4,142.9,147,2174,CONFUSION,SHADOW_BALL,THUNDER_PUNCH,85.8,75.7,93.6,72,florges:673;blastoise:659;azumarill:619;quagsire_shadow:615;lapras:591,grumpig:185;raichu_alolan:207;barbaracle:317;miltank:443;dubwool:480
kingdra,Kingdra,88.6,121.8,127.9,118,1839,DRAGON_BREATH,SWIFT,OUTRAGE,89.9,76.3,86.8,76,blastoise:766;quagsire_shadow:766;lapras:665;miltank:652;dubwool:644,florges:236;grumpig:276;barbaracle:317;hypno:445;raichu_alolan:454
munchlax,Munchlax,88.3,103.1,96.5,218,2172,TACKLE,BODY_SLAM,BULLDOZE,86.4,86.6,81.5,88.2,raichu_alolan:717;feraligatr_shadow:685;weezing_galarian_shadow:665;blastoise:605;florges:529,dubwool:367;grumpig:397;lapras:405;hypno:486;miltank:490
barbaracle,Barbaracle,87.8,120.9,133,115,1851,FURY_CUTTER,CROSS_CHOP,STONE_EDGE,90.7,91.3,82.5,69,lapras:795;grumpig:795;blastoise:591;hypno:521;miltank:513,florges:195;dubwool:359;quagsire_shadow:372;azumarill:437;raichu_alolan:477
dewott,Dewott,87.8,122.6,99.7,149,1823,FURY_CUTTER,AQUA_TAIL,X_SCISSOR,86.4,84.5,81.5,77.5,raichu_alolan:785;grumpig:765;azumarill:560;lapras:557;quagsire_shadow:516,dubwool:312;barbaracle:378;hypno:404;florges:422;miltank:450
mew,Mew,87.6,120.4,119.3,129,1855,SHADOW_CLAW,WILD_CHARGE,PSYSHOCK,88,84.7,90.1,60,grumpig:674;barbaracle:639;blastoise:631;florges:627;lapras:565,raichu_alolan:319;hypno:367;miltank:430;quagsire_shadow:447;dubwool:480
gallade_shadow,Gallade (Shadow),87.5,136.5,115.6,104,1642,PSYCHO_CUT,CLOSE_COMBAT,LEAF_BLADE,91.7,86.5,88,51.7,dubwool:879;barbaracle:750;lapras:721;miltank:658;blastoise:509,hypno:295;slowking_galarian:311;grumpig:344;florges:409;raichu_alolan:432
florges,Florges,87.4,120,141.5,110,1870,FAIRY_WIND,DISARMING_VOICE,TRAILBLAZE,82.3,81.5,86,79.5,barbaracle:804;miltank:613;azumarill:590;blastoise:586;dubwool:550,raichu_alolan:207;hypno:285;slowking_galarian:311;grumpig:344;lapras:396
weezing_galarian,Weezing (Galarian),87.4,117.6,139.5,116,1905,FAIRY_WIND,SLUDGE,BRUTAL_SWING,84,86.6,85.5,87.7,azumarill:780;dubwool:693;florges:642;blastoise:620;barbaracle:556,hypno:278;lapras:284;grumpig:337;miltank:420;raichu_alolan:445
castform,Castform,87.2,112.6,121.2,146,1994,HEX,WEATHER_BALL_ROCK,ENERGY_BALL,88.2,81.5,86.8,74.2,barbaracle:654;azumarill:616;lapras:599;hypno:578;slowking_galarian:575,dubwool:316;grumpig:318;florges:400;miltank:406;blastoise:453
lunatone,Lunatone,86.9,119.1,108.6,145,1876,PSYWAVE,WEATHER_BALL_ICE,ROCK_SLIDE,87.8,85.7,81.5,64.5,kingdra:779;barbaracle:706;miltank:644;dubwool:617;weezing_galarian_shadow:582,hypno:360;grumpig:390;florges:400;blastoise:465;lapras:477
furfrou,Furfrou,86.8,115.5,125.1,134,1938,SUCKER_PUNCH,SURF,GRASS_KNOT,86.4,77.8,89,67,hypno:626;blastoise:619;lapras:589;slowking_galarian:578;azumarill:552,grumpig:367;florges:427;miltank:456;dubwool:464;barbaracle:495
kecleon,Kecleon,86.7,115.5,142.2,118,1940,SUCKER_PUNCH,FOUL_PLAY,THUNDER,83.5,70.8,89.1,68.2,feraligatr_shadow:622;hypno:618;blastoise:614;slowking_galarian:614;lapras:546,grumpig:367;miltank:410;dubwool:414;barbaracle:426;florges:454
kingdra_shadow,Kingdra (Shadow),86.7,121.8,127.9,118,1839,DRAGON_BREATH,SWIFT,OUTRAGE,89.3,83.8,85.8,53.7,blastoise:716;lapras:690;hypno:665;miltank:644;dubwool:504,slowking_galarian:231;florges:263;grumpig:276;azumarill:290;barbaracle:317
samurott_shadow,Samurott (Shadow),86.7,128,100.8,136,1756,FURY_CUTTER,HYDRO_CANNON,MEGAHORN,91,94.6,83.6,42.5,hypno:702;grumpig:687;dubwool:632;barbaracle:584;lapras:507,weezing_galarian_shadow:168;miltank:223;azumarill:421;raichu_alolan:454;florges:495
drampa,Drampa,86.4,136.8,104.2,115,1640,DRAGON_BREATH,SWIFT,DRAGON_PULSE,89.8,73.8,79.8,57.2,grumpig:695;miltank:630;lapras:578;hypno:547;dubwool:521,slowking_galarian:231;barbaracle:252;quagsire_shadow:263;florges:286;azumarill:308
lapras,Lapras,86.4,104.6,114.5,179,2147,PSYWAVE,SPARKLING_ARIA,SKULL_BASH,83.9,76.1,84.1,78.7,azumarill:703;slowking_galarian:631;feraligatr_shadow:620;florges:603;quagsire_shadow:530,barbaracle:204;hypno:285;grumpig:303;miltank:373;dubwool:394
ninetales_alolan_shadow,Ninetales (Alolan) (Shadow),86.3,114.5,136.1,125,1949,POWDER_SNOW,WEATHER_BALL_ICE,DAZZLING_GLEAM,79.2,77,86.5,65.7,raichu_alolan:836;kingdra:752;orbeetle:620;florges:616;dubwool:548,barbaracle:330;lapras:365;hypno:377;miltank:396;grumpig:397
dachsbun,Dachsbun,86.2,113.4,156.1,112,1984,CHARM,PSYCHIC_FANGS,PLAY_ROUGH,83.4,72.4,82.1,84.2,florges:647;azumarill:638;barbaracle:598;dubwool:513;miltank:508,hypno:340;raichu_alolan:364;grumpig:401;lapras:413;blastoise:476
solrock,Solrock,86.1,119.1,108.6,145,1876,PSYWAVE,WEATHER_BALL_FIRE,ROCK_SLIDE,87.1,85.3,81.3,63.5,kingdra:779;barbaracle:706;miltank:644;dubwool:617;weezing_galarian_shadow:582,hypno:360;grumpig:390;florges:400;blastoise:465;lapras:477
gallade,Gallade,86,136.5,115.6,104,1642,PSYCHO_CUT,CLOSE_COMBAT,LEAF_BLADE,88.5,75.5,80.3,72.2,lapras:812;barbaracle:750;miltank:721;dubwool:682;blastoise:586,hypno:227;slowking_galarian:253;grumpig:310;florges:368;raichu_alolan:382
dunsparce,Dunsparce,85.9,104.7,110.9,184,2139,ROLLOUT,DRILL_RUN,ROCK_SLIDE,81.8,78.2,85.3,79.2,raichu_alolan:747;pelipper:679;weezing_galarian_shadow:676;lapras:652;linoone:622,grumpig:299;dubwool:312;barbaracle:447;miltank:450;hypno:459
latias_shadow,Latias (Shadow),85.8,126.7,135.1,103,1765,DRAGON_BREATH,AURA_SPHERE,MIST_BALL,85.1,59.1,85.6,45.7,blastoise:800;lapras:791;dubwool:669;miltank:650;hypno:611,florges:100;barbaracle:265;grumpig:287;slowking_galarian:365;azumarill:437
quagsire_shadow,Quagsire (Shadow),85.6,111.2,112.6,161,2018,MUD_SHOT,AQUA_TAIL,STONE_EDGE,83.5,84.1,83.1,67.2,weezing_galarian_shadow:689;slowking_galarian:633;barbaracle:627;walrein:586;miltank:580,florges:313;grumpig:405;dubwool:406;hypno:414;lapras:469
samurott,Samurott,85.6,128,100.8,136,1756,FURY_CUTTER,HYDRO_CANNON,MEGAHORN,84,84.2,83.5,62.7,grumpig:764;hypno:709;kingdra:569;azumarill:547;slowking_galarian:518,barbaracle:213;miltank:363;lapras:377;dubwool:386;florges:481
girafarig,Girafarig,85.4,130.3,101.5,130,1721,CONFUSION,PSYCHIC_FANGS,TRAILBLAZE,90.7,86.3,72.3,64.7,florges:611;hypno:565;lapras:561;azumarill:557;blastoise:546,raichu_alolan:238;miltank:436;grumpig:446;barbaracle:469;dubwool:476
latias,Latias,85.4,124.5,138.9,104,1799,DRAGON_BREATH,AURA_SPHERE,MIST_BALL,84.3,54.4,82.8,71.5,dubwool:740;lapras:725;blastoise:687;miltank:682;barbaracle:610,florges:100;slowking_galarian:275;grumpig:287;hypno:387;azumarill:416
oinkologne,Oinkologne,85.4,117.6,101.5,159,1901,MUD_SLAP,BODY_SLAM,TRAILBLAZE,86.9,75.4,79.8,71.5,blastoise:628;florges:625;azumarill:600;hypno:544;miltank:506,dubwool:332;grumpig:378;raichu_alolan:414;barbaracle:443;lapras:455
dudunsparce,Dudunsparce,85.2,116.1,98.5,169,1935,ROLLOUT,BODY_SLAM,DRILL_RUN,84.8,83.2,78,67.2,florges:653;feraligatr_shadow:591;miltank:562;slowking_galarian:556;hypno:544,grumpig:310;dubwool:417;blastoise:426;barbaracle:460;lapras:474
toucannon_shadow,Toucannon (Shadow),85.2,137.2,96.7,123,1634,PECK,BEAK_BLAST,DRILL_PECK,88.3,94.9,79.7,30.5,florges:792;slowking_galarian:711;azumarill:703;grumpig:621;hypno:581,barbaracle:382;miltank:426;lapras:438;dubwool:484;blastoise:488
ursaring_shadow,Ursaring (Shadow),85.1,139.6,91.3,126,1607,SHADOW_CLAW,SWIFT,CLOSE_COMBAT,96,91.6,79.8,32.2,raichu_alolan:781;lapras:746;grumpig:662;dubwool:634;miltank:591,barbaracle:347;florges:440;azumarill:468;hypno:476;blastoise:484
dewott_shadow,Dewott (Shadow),85,124.1,99.7,146,1808,FURY_CUTTER,AQUA_TAIL,X_SCISSOR,89.4,87.1,77.2,56.5,hypno:722;grumpig:722;raichu_alolan:719;barbaracle:589;lapras:517,miltank:373;florges:395;slowking_galarian:420;blastoise:426;dubwool:433
aromatisse,Aromatisse,84.9,115.8,107.3,156,1939,CHARM,PSYSHOCK,MOONBLAST,80.2,59.7,88.3,80,dubwool:737;blastoise:641;florges:625;azumarill:602;barbaracle:522,hypno:340;grumpig:344;raichu_alolan:351;lapras:469;miltank:496
latios_shadow,Latios (Shadow),84.8,140.4,112.9,99,1571,DRAGON_BREATH,AURA_SPHERE,DRAGON_CLAW,84.8,77.5,89.1,37.5,lapras:782;grumpig:762;hypno:722;dubwool:616;miltank:565,barbaracle:252;azumarill:267;slowking_galarian:307;florges:363;feraligatr_shadow:384
sealeo,Sealeo,84.8,108.9,112.8,168,2065,POWDER_SNOW,SURF,BODY_SLAM,85.3,81.7,77.3,81.2,slowking_galarian:619;feraligatr_shadow:592;florges:589;hypno:532;quagsire_shadow:502,barbaracle:230;dubwool:300;grumpig:371;lapras:382;miltank:460
slowbro_galarian,Slowbro (Galarian),84.8,119.1,108.3,146,1885,POISON_JAB,BRUTAL_SWING,SLUDGE_BOMB,83.1,83,80.3,70.2,azumarill:811;florges:640;weezing_galarian_shadow:616;dubwool:602;blastoise:602,barbaracle:339;hypno:387;grumpig:428;lapras:444;miltank:466
blastoise_shadow,Blastoise (Shadow),84.7,112.1,137.7,130,2008,ROLLOUT,HYDRO_CANNON,SKULL_BASH,82.6,72.4,79.5,55.2,weezing_galarian_shadow:673;lapras:650;orbeetle:646;azumarill:623;quagsire_shadow:553,hypno:340;miltank:363;dubwool:371;grumpig:397;barbaracle:434
milotic,Milotic,84.7,113.1,133.8,131,1985,WATERFALL,AQUA_TAIL,WRAP,85.6,76.4,74.2,78.5,quagsire_shadow:599;florges:580;grumpig:576;slowking_galarian:530;azumarill:526,lapras:296;blastoise:376;miltank:393;dubwool:402;hypno:411
rapidash_galarian,Rapidash (Galarian),84.6,133.6,111.5,112,1670,FAIRY_WIND,BODY_SLAM,WILD_CHARGE,87.4,70.8,81.5,60,blastoise:861;barbaracle:754;dubwool:683;miltank:544;florges:508,lapras:148;slowking_galarian:250;grumpig:325;hypno:357;raichu_alolan:364
girafarig_shadow,Girafarig (Shadow),84.5,130.3,101.5,130,1721,CONFUSION,PSYCHIC_FANGS,TRAILBLAZE,88.6,92.5,66.7,58,florges:784;azumarill:780;slowking_galarian:726;miltank:603;lapras:511,barbaracle:265;blastoise:292;hypno:445;dubwool:445;grumpig:484
swampert,Swampert,84.5,122.9,109.1,136,1826,MUD_SHOT,HYDRO_CANNON,EARTHQUAKE,81.3,80.3,82,62.5,raichu_alolan:882;quagsire_shadow:680;slowking_galarian:617;miltank:588;barbaracle:529,florges:140;hypno:319;grumpig:363;dubwool:378;lapras:388
azumarill,Azumarill,84.3,93.4,134.4,191,2400,BUBBLE,ICE_BEAM,PLAY_ROUGH,77.3,61.2,88.1,81.5,togekiss:643;quagsire_shadow:615;barbaracle:562;kingdra:531;feraligatr_shadow:505,lapras:296;miltank:340;hypno:374;grumpig:409;dubwool:429
ninetales_alolan,Ninetales (Alolan),84,114.5,136.1,125,1949,POWDER_SNOW,WEATHER_BALL_ICE,DAZZLING_GLEAM,79.2,76.6,84.1,71.7,kingdra:772;florges:656;orbeetle:652;grumpig:576;dubwool:536,blastoise:250;barbaracle:260;lapras:284;miltank:403;hypno:414
swampert_shadow,Swampert (Shadow),83.9,122.9,109.1,136,1826,MUD_SHOT,HYDRO_CANNON,EARTHQUAKE,80.7,88.6,77,53.2,raichu_alolan:882;barbaracle:797;dubwool:595;blastoise:595;slowking_galarian:573,florges:140;lapras:268;hypno:357;miltank:373;grumpig:397
dodrio,Dodrio,83.3,143.7,98.4,110,1557,PECK,DRILL_PECK,BRAVE_BIRD,83.5,91.7,81.6,30.7,feraligatr_shadow:859;azumarill:750;quagsire_shadow:645;hypno:613;kingdra:531,barbaracle:356;miltank:366;lapras:379;dubwool:414;grumpig:481
quagsire,Quagsire,83.2,111.2,112.6,161,2018,MUD_SHOT,AQUA_TAIL,STONE_EDGE,82.6,73.5,81.3,67.5,slowking_galarian:645;barbaracle:642;lapras:605;dubwool:524;miltank:503,florges:240;raichu_alolan:364;grumpig:397;blastoise:407;hypno:459
dondozo,Dondozo,83.1,105.7,106.9,187,2114,WATERFALL,SURF,OUTRAGE,84.2,71.7,80.5,62,quagsire_shadow:657;florges:598;grumpig:566;barbaracle:518;linoone:516,lapras:337;blastoise:392;dubwool:449;miltank:450;hypno:469
lumineon,Lumineon,83.1,109,137.4,137,2052,WATERFALL,AQUA_TAIL,SILVER_WIND,82.1,68.8,76,79.2,grumpig:598;weezing_galarian_shadow:598;quagsire_shadow:587;hypno:532;barbaracle:525,lapras:304;blastoise:338;miltank:353;dubwool:406;florges:477
togetic,Togetic,82.8,110.1,150.2,123,2035,FAIRY_WIND,PSYSHOCK,DAZZLING_GLEAM,82.1,76.9,78.3,70,florges:646;feraligatr_shadow:581;quagsire_shadow:560;azumarill:512;grumpig:508,barbaracle:313;miltank:346;dubwool:394;lapras:416;hypno:438
feraligatr_shadow,Feraligatr (Shadow),82.6,123.8,117.3,125,1818,SHADOW_CLAW,HYDRO_CANNON,CRUNCH,84.2,85.9,77.8,42.2,florges:816;slowking_galarian:756;grumpig:744;hypno:716;barbaracle:576,miltank:300;dubwool:335;lapras:379;raichu_alolan:409;blastoise:419
wailmer,Wailmer,82.6,116.5,68.2,242,1927,ROLLOUT,SCALD,BODY_SLAM,80.5,73.5,77,71.5,walrein:609;quagsire_shadow:588;feraligatr_shadow:561;grumpig:518;lapras:512,dubwool:230;barbaracle:400;hypno:428;miltank:433;florges:436
togekiss,Togekiss,82.4,124.2,125.8,115,1799,PECK,DAZZLING_GLEAM,AURA_SPHERE,82.9,67,80.3,57.7,dubwool:934;feraligatr_shadow:778;florges:621;lapras:517;blastoise:508,raichu_alolan:184;hypno:306;miltank:426;grumpig:484;barbaracle:486
wyrdeer,Wyrdeer,82.4,126.6,95.5,146,1767,CONFUSION,STOMP,WILD_CHARGE,83.4,81.5,81.3,51.2,florges:640;quagsire_shadow:640;slowking_galarian:585;hypno:571;lapras:568,barbaracle:317;miltank:380;dubwool:433;blastoise:434;grumpig:484
maushold,Maushold,82.3,116.2,121.9,136,1928,MUD_SHOT,SWIFT,CRUNCH,80.2,79.1,76.8,65.2,raichu_alolan:849;feraligatr_shadow:625;hypno:588;azumarill:573;slowking_galarian:562,lapras:332;grumpig:333;miltank:373;dubwool:386;barbaracle:452
seaking,Seaking,82.3,121.9,108.9,138,1834,PECK,ICY_WIND,MEGAHORN,83.7,67.8,79.5,55,quagsire_shadow:768;slowking_galarian:586;hypno:583;grumpig:565;azumarill:557,barbaracle:160;dubwool:371;miltank:420;lapras:427;florges:431
feraligatr,Feraligatr,81.7,123.8,117.3,125,1818,SHADOW_CLAW,HYDRO_CANNON,CRUNCH,80.2,73.8,78.7,62.7,grumpig:720;weezing_galarian_shadow:675;slowking_galarian:576;azumarill:548;quagsire_shadow:544,miltank:276;dubwool:296;lapras:351;barbaracle:452;hypno:486
milotic_shadow,Milotic (Shadow),81.7,113.1,133.8,131,1985,WATERFALL,AQUA_TAIL,WRAP,80.2,80.6,73.3,59.2,quagsire_shadow:744;weezing_galarian_shadow:667;azumarill:557;orbeetle:522;slowking_galarian:503,dubwool:265;grumpig:310;lapras:343;hypno:442;miltank:483
sylveon,Sylveon,81.7,117.3,124.6,130,1902,CHARM,PSYSHOCK,MOONBLAST,75.7,56.5,84.5,78,kingdra:776;dubwool:742;florges:607;blastoise:603;azumarill:596,hypno:278;grumpig:306;barbaracle:356;lapras:441;miltank:496
tentacruel_shadow,Tentacruel (Shadow),81.7,108.9,143.5,131,2047,ACID,SCALD,PAYBACK,72.1,70.6,84,59,florges:713;azumarill:679;feraligatr_shadow:549;blastoise:519;slowking_galarian:519,hypno:207;grumpig:231;miltank:470;lapras:483;dubwool:496
alomomola,Alomomola,81.6,97.4,99.4,238,2306,WATERFALL,HYDRO_PUMP,PSYCHIC,76.5,67.6,86.8,67.2,togekiss:611;quagsire_shadow:586;azumarill:535;dubwool:502;weezing_galarian_shadow:502,lapras:284;hypno:319;miltank:403;grumpig:409;barbaracle:495
slowbro,Slowbro,81.6,113.4,120.9,144,1975,CONFUSION,DRAIN_PUNCH,SURF,84.7,73.3,74.7,71,weezing_galarian_shadow:670;quagsire_shadow:659;lapras:652;blastoise:607;florges:579,grumpig:162;barbaracle:291;hypno:353;dubwool:460;miltank:463
castform_rainy,Castform (Rainy),81.5,112.6,121.2,146,1994,WATER_GUN,WEATHER_BALL_WATER,THUNDER,78.9,56.7,79.8,54.7,weezing_galarian_shadow:613;quagsire_shadow:575;slowking_galarian:558;blastoise:554;barbaracle:510,miltank:343;hypno:367;dubwool:382;lapras:432;grumpig:477
sealeo_shadow,Sealeo (Shadow),81.5,108.9,112.8,168,2065,POWDER_SNOW,SURF,BODY_SLAM,79.7,77.3,76.3,67.7,weezing_galarian_shadow:702;azumarill:610;florges:586;walrein:571;slowking_galarian:538,dubwool:328;grumpig:348;lapras:349;miltank:360;hypno:408
deoxys_defense,Deoxys (Defense),81.4,101,221.4,98,2193,COUNTER,PSYCHO_BOOST,THUNDERBOLT,74.5,59.8,85.8,70,dubwool:678;lapras:668;walrein:637;miltank:591;gallade_shadow:515,grumpig:318;hypno:350;florges:386;blastoise:407;barbaracle:430
rufflet,Rufflet,81.4,126.7,92.1,152,1775,PECK,BRAVE_BIRD,FLY,74,54.7,87.1,40,florges:575;slowking_galarian:549;blastoise:509;lapras:506;grumpig:503,barbaracle:160;raichu_alolan:184;miltank:186;dubwool:218;hypno:397
slowbro_shadow,Slowbro (Shadow),81.3,113.4,120.9,144,1975,CONFUSION,DRAIN_PUNCH,SURF,82,74.5,73,67.5,quagsire_shadow:597;lapras:579;miltank:576;azumarill:572;florges:520,dubwool:238;grumpig:340;barbaracle:343;hypno:384;blastoise:492
tentacruel,Tentacruel,81.3,108.9,143.5,131,2047,ACID,SCALD,PAYBACK,76.5,64.8,83.3,65.2,azumarill:736;feraligatr_shadow:610;florges:572;slowking_galarian:572;blastoise:557,hypno:166;grumpig:200;miltank:396;lapras:402;dubwool:437
toucannon,Toucannon,81.3,137.2,96.7,123,1634,PECK,BEAK_BLAST,DRILL_PECK,78.9,84.8,84.1,34.2,feraligatr_shadow:873;linoone:699;orbeetle:601;kingdra:565;florges:540,miltank:356;lapras:371;dubwool:406;grumpig:431;hypno:489
bruxish,Bruxish,81.2,136.4,102.5,117,1637,CONFUSION,PSYCHIC_FANGS,CRUNCH,91.5,90.8,59.4,48.2,florges:803;quagsire_shadow:692;blastoise:641;grumpig:615;slowking_galarian:542,miltank:353;dubwool:386;hypno:431;lapras:469;barbaracle:486
gyarados_shadow,Gyarados (Shadow),81.2,130.7,108.5,121,1717,DRAGON_BREATH,AQUA_TAIL,CRUNCH,86.9,80.5,78,42.5,grumpig:735;barbaracle:706;slowking_galarian:706;feraligatr_shadow:706;hypno:685,florges:313;miltank:380;lapras:388;dubwool:445;blastoise:480
spinda,Spinda,81.1,110,110,142,1721,SUCKER_PUNCH,ROCK_TOMB,ICY_WIND,81.8,80.5,71.3,60.5,slowking_galarian:640;feraligatr_shadow:640;orbeetle:616;hypno:602;quagsire_shadow:570,grumpig:321;barbaracle:400;dubwool:417;lapras:449;miltank:453
latios,Latios,80.9,139.3,112.9,102,1606,DRAGON_BREATH,AURA_SPHERE,DRAGON_CLAW,83.5,62.1,77.7,40.7,grumpig:769;dubwool:666;blastoise:632;miltank:622;lapras:558,azumarill:170;florges:245;barbaracle:265;quagsire_shadow:493;hypno:496
wobbuffet,Wobbuffet,80.9,63,101.6,333,2134,COUNTER,RETURN,MIRROR_COAT,76.7,60.9,78.8,84.2,dubwool:702;linoone:597;gallade_shadow:557;lapras:549;miltank:533,hypno:329;grumpig:348;blastoise:376;florges:422;barbaracle:482
lapras_shadow,Lapras (Shadow),80.8,104.6,114.5,179,2147,PSYWAVE,SPARKLING_ARIA,DRAGON_PULSE,74.3,79.7,80.1,62.5,azumarill:636;weezing_galarian_shadow:617;slowking_galarian:606;feraligatr_shadow:592;florges:581,dubwool:175;grumpig:178;lapras:374;miltank:380;hypno:408
walrein,Walrein,80.8,112.4,114.9,154,1991,POWDER_SNOW,ICICLE_SPEAR,EARTHQUAKE,79.6,73.3,76.3,61.5,slowking_galarian:603;azumarill:600;feraligatr_shadow:577;florges:571;hypno:538,lapras:268;barbaracle:273;dubwool:328;miltank:356;grumpig:390
zangoose,Zangoose,80.7,144.7,87.7,122,1550,FURY_CUTTER,CLOSE_COMBAT,NIGHT_SLASH,87.1,66.3,75.5,39.5,blastoise:823;lapras:737;grumpig:668;miltank:635;hypno:627,dubwool:152;florges:195;barbaracle:252;azumarill:269;slowking_galarian:452
pidgeot,Pidgeot,80.6,116.9,115.5,142,1918,WING_ATTACK,AIR_CUTTER,BRAVE_BIRD,81.5,61.8,85,70.7,florges:640;slowking_galarian:605;blastoise:556;grumpig:538;dubwool:503,barbaracle:234;raichu_alolan:234;miltank:253;lapras:351;hypno:404
wailord,Wailord,80.6,118.3,67.4,237,1892,ROLLOUT,SURF,RETURN,80.4,65.5,81.1,64.5,azumarill:601;weezing_galarian_shadow:563;quagsire_shadow:546;feraligatr_shadow:537;florges:514,hypno:292;dubwool:304;miltank:310;lapras:472;grumpig:484
whiscash,Whiscash,80.6,107.5,108.2,178,2074,MUD_SHOT,MUD_BOMB,SCALD,76.2,66.7,81.3,72.5,barbaracle:648;quagsire_shadow:581;dubwool:564;grumpig:536;miltank:525,florges:95;raichu_alolan:184;hypno:397;lapras:413;blastoise:419
pelipper,Pelipper,80.3,123.2,128.7,115,1825,WING_ATTACK,WEATHER_BALL_WATER,HURRICANE,80.5,68.2,71.2,47,florges:634;azumarill:626;weezing_galarian_shadow:613;blastoise:604;feraligatr_shadow:504,miltank:280;hypno:292;dubwool:320;grumpig:352;lapras:472
snorlax_shadow,Snorlax (Shadow),80.2,108.4,102.2,187,2073,LICK,BODY_SLAM,SUPER_POWER,77.2,61.9,78,52.7,weezing_galarian_shadow:644;feraligatr_shadow:609;lapras:582;barbaracle:577;slowking_galarian:569,miltank:246;dubwool:265;grumpig:367;florges:468;hypno:496
ursaring,Ursaring,80,139.6,91.3,126,1607,SHADOW_CLAW,SWIFT,CLOSE_COMBAT,84,66.1,74.2,40.7,feraligatr_shadow:876;raichu_alolan:817;lapras:722;linoone:694;kingdra:503,barbaracle:326;hypno:408;miltank:456;grumpig:469;dubwool:480
hatterene,Hatterene,79.8,142.1,115,96,1570,PSYCHO_CUT,PSYSHOCK,POWER_WHIP,80.4,74.2,81,38.2,kingdra:661;barbaracle:604;weezing_galarian_shadow:598;quagsire_shadow:593;feraligatr_shadow:572,hypno:292;lapras:315;miltank:370;grumpig:382;dubwool:437
pidgeot_shadow,Pidgeot (Shadow),79.8,116.9,115.5,142,1918,WING_ATTACK,BRAVE_BIRD,AIR_CUTTER,79.7,76,83.8,51.7,hypno:700;florges:598;feraligatr_shadow:531;slowking_galarian:510;lapras:503,grumpig:231;barbaracle:252;miltank:293;dubwool:296;blastoise:311
trumbeak_shadow,Trumbeak (Shadow),79.7,133.7,94.3,132,1665,PECK,DRILL_PECK,ROCK_BLAST,86.7,88.4,74.7,30.2,feraligatr_shadow:882;florges:806;slowking_galarian:731;quagsire_shadow:651;grumpig:647,barbaracle:378;miltank:420;lapras:432;hypno:438;dubwool:480
mr_mime,Mr. Mime,79.6,131.5,144.2,90,1709,PSYWAVE,SHADOW_BALL,PSYCHIC,70.5,53.7,79.8,43.5,dubwool:711;kingdra:683;hypno:638;florges:555;blastoise:544,grumpig:193;raichu_alolan:193;barbaracle:317;lapras:463;miltank:476
starmie_shadow,Starmie (Shadow),79.6,133.1,122,104,1690,PSYWAVE,SURF,POWER_GEM,69.7,72.4,76.8,38.7,seaking:706;orbeetle:644;walrein:581;lapras:567;blastoise:557,miltank:223;dubwool:261;barbaracle:265;hypno:391;grumpig:458
whiscash_shadow,Whiscash (Shadow),79.6,107.5,108.2,178,2074,MUD_SHOT,MUD_BOMB,SCALD,74.3,69.6,80.6,64.2,barbaracle:693;slowking_galarian:685;miltank:598;grumpig:505;dubwool:502,florges:140;raichu_alolan:229;lapras:290;hypno:340;blastoise:361
chimecho,Chimecho,79.5,119.5,120.8,130,1879,ASTONISH,PSYSHOCK,SHADOW_BALL,75.7,59.8,78.3,53,hypno:703;slowking_galarian:653;florges:634;weezing_galarian_shadow:553;azumarill:534,miltank:266;barbaracle:282;dubwool:300;lapras:413;grumpig:488
gyarados,Gyarados,79.5,130.7,108.5,121,1717,DRAGON_BREATH,AQUA_TAIL,CRUNCH,79.6,75.8,71.3,48.5,slowking_galarian:747;kingdra:578;orbeetle:537;feraligatr_shadow:524;gallade_shadow:524,miltank:293;dubwool:324;grumpig:348;hypno:394;lapras:399
politoed,Politoed,79.4,114,124.2,139,1970,MUD_SHOT,WEATHER_BALL_WATER,EARTHQUAKE,78.3,69.1,77.7,62.7,slowking_galarian:611;weezing_galarian_shadow:611;quagsire_shadow:582;feraligatr_shadow:575;barbaracle:550,lapras:293;hypno:363;miltank:370;dubwool:402;grumpig:405
frillish,Frillish,79.2,109.2,125.2,135,1846,HEX,NIGHT_SHADE,ICE_BEAM,78.1,59.2,72.3,61.5,slowking_galarian:692;grumpig:662;azumarill:633;blastoise:551;quagsire_shadow:548,dubwool:296;miltank:303;barbaracle:395;hypno:445;lapras:483
vigoroth_shadow,Vigoroth (Shadow),79,116.2,114.1,145,1923,COUNTER,BODY_SLAM,ROCK_SLIDE,74.2,59.4,75.5,56.2,quagsire_shadow:634;miltank:606;florges:568;feraligatr_shadow:544;lapras:510,grumpig:185;hypno:363;dubwool:390;barbaracle:473;blastoise:473
starmie,Starmie,78.9,133.1,122,104,1690,PSYWAVE,SURF,POWER_GEM,74.3,82.7,74.3,45,orbeetle:730;blastoise:629;lapras:591;azumarill:562;slowking_galarian:548,miltank:223;dubwool:261;barbaracle:278;hypno:380;grumpig:412
walrein_shadow,Walrein (Shadow),78.8,112.4,114.9,154,1991,POWDER_SNOW,ICICLE_SPEAR,EARTHQUAKE,76.7,69.4,74.7,47,weezing_galarian_shadow:678;pelipper:639;kingdra:623;azumarill:577;florges:535,lapras:201;miltank:353;hypno:401;dubwool:402;grumpig:428
kangaskhan,Kangaskhan,78.7,114.5,110.8,153,1944,MUD_SLAP,BRICK_BREAK,CRUNCH,75,65.2,72.5,74,mew:715;weezing_galarian_shadow:611;feraligatr_shadow:604;slowking_galarian:594;linoone:552,grumpig:227;dubwool:421;lapras:430;hypno:469;miltank:486
snorlax,Snorlax,78.7,108.4,102.2,187,2073,LICK,BODY_SLAM,SUPER_POWER,76.2,60.9,73,65.7,feraligatr_shadow:657;orbeetle:625;barbaracle:614;linoone:596;hypno:577,miltank:236;dubwool:253;lapras:312;florges:436;grumpig:458
wailmer_shadow,Wailmer (Shadow),78.7,116.5,68.2,242,1927,ROLLOUT,SCALD,BODY_SLAM,76.9,70.3,76.8,59.7,walrein:696;weezing_galarian_shadow:648;orbeetle:621;togekiss:535;azumarill:526,dubwool:277;hypno:360;miltank:366;lapras:396;grumpig:424
swoobat,Swoobat,78.6,126.6,101.6,138,1777,CONFUSION,FLY,PSYCHIC_FANGS,82.3,73.9,62.2,55.5,feraligatr_shadow:634;slowking_galarian:612;florges:601;lapras:586;weezing_galarian_shadow:561,grumpig:257;miltank:326;hypno:360;dubwool:375;barbaracle:456
fearow,Fearow,78.5,131.4,104.6,124,1706,PECK,DRILL_PECK,DRILL_RUN,81.5,83.8,72.8,42.7,feraligatr_shadow:875;barbaracle:649;florges:548;weezing_galarian_shadow:516;slowking_galarian:504,miltank:350;hypno:363;dubwool:398;grumpig:420;lapras:430
noctowl,Noctowl,78.5,105.3,120.1,168,2126,WING_ATTACK,SKY_ATTACK,SHADOW_BALL,77.3,64.6,79,55.7,orbeetle:741;feraligatr_shadow:693;slowking_galarian:657;grumpig:598;azumarill:556,barbaracle:108;dubwool:339;miltank:343;lapras:360;hypno:448
floette,Floette,78.4,114.2,134.5,128,1967,VINE_WHIP,DAZZLING_GLEAM,PSYCHIC,69.2,44.6,85.3,56.7,blastoise:648;kingdra:632;walrein:613;quagsire_shadow:589;azumarill:562,hypno:350;miltank:373;grumpig:443;lapras:449;dubwool:449
politoed_shadow,Politoed (Shadow),78.3,114,124.2,139,1970,MUD_SHOT,WEATHER_BALL_WATER,EARTHQUAKE,71.3,83,73.8,59.2,weezing_galarian_shadow:622;weezing_galarian:611;azumarill:550;quagsire_shadow:521;florges:507,hypno:231;dubwool:257;grumpig:325;lapras:368;miltank:403
marshtomp_shadow,Marshtomp (Shadow),78.1,120.4,111.4,139,1865,MUD_SHOT,SURF,SLUDGE,74.8,71.5,70.7,49.2,barbaracle:769;azumarill:744;weezing_galarian_shadow:636;miltank:514;slowking_galarian:510,lapras:256;hypno:340;grumpig:375;dubwool:402;florges:468
xatu_shadow,Xatu (Shadow),77.5,132.2,107.9,119,1698,PECK,PSYSHOCK,AERIAL_ACE,80.8,85.9,75.7,31.7,florges:785;orbeetle:710;slowking_galarian:701;quagsire_shadow:651;feraligatr_shadow:533,hypno:357;miltank:420;lapras:430;dubwool:476;grumpig:492
slowpoke,Slowpoke,77.3,104.1,94.9,186,1840,CONFUSION,PSYSHOCK,WATER_PULSE,77.5,64.2,75.2,62,azumarill:647;weezing_galarian_shadow:618;quagsire_shadow:610;florges:599;lapras:545,barbaracle:265;hypno:323;grumpig:378;miltank:400;dubwool:457
bouffalant,Bouffalant,77.2,118.8,115.8,137,1888,MUD_SHOT,STOMP,MEGAHORN,73.2,73,77.2,51.2,feraligatr_shadow:605;blastoise:591;linoone:580;slowking_galarian:536;hypno:518,barbaracle:252;lapras:337;dubwool:347;miltank:443;grumpig:481
espurr,Espurr,77.2,113.4,108.3,145,1783,CONFUSION,PSYSHOCK,ENERGY_BALL,77.2,63.3,79.2,51,quagsire_shadow:700;florges:662;blastoise:617;lapras:593;azumarill:537,grumpig:276;barbaracle:291;hypno:329;miltank:426;dubwool:460
qwilfish_shadow,Qwilfish (Shadow),76.9,131.1,105.5,123,1703,POISON_STING,AQUA_TAIL,ICE_BEAM,73.4,72.7,66.2,41.5,mew:752;togekiss:711;florges:621;weezing_galarian_shadow:613;azumarill:581,lapras:259;hypno:302;miltank:306;dubwool:347;grumpig:367
dewgong,Dewgong,76.8,101.9,136.9,157,2192,ICE_SHARD,ICY_WIND,DRILL_RUN,74.8,53.4,71.3,66.2,slowking_galarian:633;weezing_galarian_shadow:550;quagsire_shadow:525;azumarill:519;orbeetle:506,lapras:240;miltank:376;dubwool:386;hypno:397;grumpig:409
vigoroth,Vigoroth,76.8,116.2,114.1,145,1923,COUNTER,BODY_SLAM,ROCK_SLIDE,73,60.6,73.3,65.5,linoone:772;miltank:651;feraligatr_shadow:637;lapras:603;walrein:586,grumpig:140;hypno:323;florges:372;barbaracle:421;dubwool:496
quaquaval,Quaquaval,76.6,137.7,98.6,120,1630,WING_ATTACK,CLOSE_COMBAT,HYDRO_CANNON,74.3,72.4,83.6,28,blastoise:675;quagsire_shadow:675;barbaracle:629;lapras:612;kingdra:533,hypno:346;miltank:350;dubwool:398;grumpig:420;florges:463
slurpuff,Slurpuff,76.5,116,119.4,139,1926,FAIRY_WIND,PLAY_ROUGH,ENERGY_BALL,69.5,50.8,85.3,49.7,kingdra:769;quagsire_shadow:604;azumarill:597;mew:579;barbaracle:521,grumpig:151;miltank:356;hypno:360;dubwool:402;lapras:444
marshtomp,Marshtomp,76.4,119.8,111.5,140,1871,MUD_SHOT,SURF,SLUDGE,72.4,69.1,74,63.2,lunatone:642;miltank:596;slowking_galarian:575;mew:535;azumarill:528,hypno:261;dubwool:308;grumpig:344;lapras:388;barbaracle:478
slowpoke_shadow,Slowpoke (Shadow),76.1,104.1,94.9,186,1840,CONFUSION,PSYSHOCK,WATER_PULSE,74.5,65.1,73.8,55.5,azumarill:612;quagsire_shadow:583;florges:556;blastoise:505;lapras:502,grumpig:185;dubwool:261;barbaracle:317;hypno:357;miltank:413
tauros,Tauros,76,125.1,119.5,120,1795,TACKLE,TRAILBLAZE,HORN_ATTACK,70,67.3,71.8,53.2,linoone:637;florges:600;blastoise:562;feraligatr_shadow:562;lapras:516,barbaracle:213;grumpig:276;dubwool:296;miltank:423;hypno:435
comfey,Comfey,75.8,116.2,157.4,105,1922,VINE_WHIP,GRASS_KNOT,DRAINING_KISS,71.3,49.2,81.1,54,barbaracle:866;blastoise:628;quagsire_shadow:614;azumarill:580;lapras:538,hypno:299;miltank:323;grumpig:359;dubwool:367;florges:431
victini,Victini,75.8,120.4,119.3,129,1855,CONFUSION,V_CREATE,PSYSHOCK,70.8,61.8,76,49.2,florges:782;dubwool:732;slowking_galarian:651;orbeetle:631;weezing_galarian_shadow:616,lapras:237;hypno:244;barbaracle:317;grumpig:443;miltank:466
mantine,Mantine,75.6,105.5,166.5,121,2127,WING_ATTACK,AERIAL_ACE,ICE_BEAM,74.5,58.8,72.3,62.5,azumarill:632;gallade_shadow:628;grumpig:603;feraligatr_shadow:603;linoone:504,miltank:150;barbaracle:230;dubwool:265;lapras:301;hypno:316
palkia_shadow,Palkia (Shadow),75.6,140.3,109.9,100,1544,DRAGON_BREATH,AQUA_TAIL,DRACO_METEOR,77.5,75.4,59.4,36.7,raichu_alolan:770;slowking_galarian:695;quagsire_shadow:690;feraligatr_shadow:679;blastoise:605,miltank:223;dubwool:261;lapras:270;grumpig:276;hypno:421
primarina,Primarina,75.5,131.6,115.6,112,1705,WATERFALL,DISARMING_VOICE,HYDRO_CANNON,69.5,58.2,73.3,45,ninetales_alolan:718;kingdra:705;hypno_shadow:620;togekiss:544;grumpig:513,miltank:213;dubwool:222;barbaracle:317;lapras:374;hypno:418
aipom_shadow,Aipom (Shadow),75.3,124.3,106.7,135,1792,ASTONISH,SWIFT,AERIAL_ACE,75.3,67.6,66.2,48.5,raichu_alolan:811;grumpig:751;hypno:662;kingdra:518;weezing_galarian_shadow:507,barbaracle:239;miltank:283;dubwool:289;florges:290;lapras:374
slowpoke_galarian,Slowpoke (Galarian),75.3,104.1,94.9,186,1840,CONFUSION,PSYSHOCK,SURF,72.7,68.2,74.5,59.2,florges:677;gallade_shadow:666;weezing_galarian_shadow:618;dubwool:599;togekiss:505,hypno:251;barbaracle:265;grumpig:337;lapras:410;miltank:413
tapu_fini,Tapu Fini,75.3,115.8,158.3,105,1926,WATER_GUN,SURF,NATURES_MADNESS,69.1,57.6,75.8,61.5,quagsire_shadow:590;kingdra:571;barbaracle:566;florges:509;seaking:504,dubwool:312;grumpig:344;lapras:351;hypno:401;miltank:483
articuno_galarian,Articuno (Galarian),75.2,134.1,110.9,112,1667,PSYCHO_CUT,FLY,BRAVE_BIRD,73.8,64.2,75.3,27,orbeetle:745;feraligatr_shadow:593;slowking_galarian:584;florges:526;weezing_galarian_shadow:508,hypno:292;miltank:346;dubwool:351;lapras:480;grumpig:488
armarouge,Armarouge,75.1,132.1,109.6,117,1695,INCINERATE,PSYSHOCK,HEAT_WAVE,75.9,79.9,68,42.2,florges:747;orbeetle:747;dubwool:670;feraligatr_shadow:611;weezing_galarian_shadow:525,barbaracle:365;grumpig:378;lapras:379;hypno:445;miltank:450
relicanth,Relicanth,74.6,105.1,133.6,152,2138,WATER_GUN,AQUA_TAIL,ANCIENT_POWER,72.1,54.4,70.5,61.7,pelipper:723;orbeetle:690;slowking_galarian:648;togekiss:611;weezing_galarian_shadow:588,dubwool:363;hypno:374;miltank:386;lapras:391;grumpig:401
aipom,Aipom,74.4,124.3,106.7,135,1792,ASTONISH,SWIFT,AERIAL_ACE,73,62.2,70.2,57.5,orbeetle:625;weezing_galarian_shadow:596;feraligatr_shadow:562;slowking_galarian:548;hypno:518,dubwool:234;miltank:236;barbaracle:360;lapras:385;grumpig:477
stoutland,Stoutland,74.4,123.8,116.2,125,1799,SAND_ATTACK,WILD_CHARGE,CRUNCH,64.6,62.7,74.3,31,weezing_galarian_shadow:644;blastoise:612;feraligatr_shadow:588;florges:580;slowking_galarian:552,lapras:175;dubwool:199;miltank:216;hypno:438;grumpig:439
trumbeak,Trumbeak,74.4,134,93.2,134,1676,PECK,DRILL_PECK,ROCK_BLAST,79.2,72.9,68.8,39.7,feraligatr_shadow:884;orbeetle:623;gallade_shadow:608;weezing_galarian_shadow:518;florges:507,miltank:353;lapras:365;hypno:367;dubwool:402;grumpig:424
hattrem,Hattrem,74.2,122.7,115.7,128,1818,CONFUSION,PSYSHOCK,DAZZLING_GLEAM,76.2,66.4,72.3,42.7,quagsire_shadow:671;florges:628;kingdra:566;weezing_galarian_shadow:566;dubwool:527,grumpig:306;barbaracle:317;hypno:343;lapras:441;miltank:463
wartortle,Wartortle,74,107.6,139,139,2080,WATER_GUN,AQUA_JET,ICE_BEAM,72.7,61,72,59,quagsire:687;slowking_galarian:625;quagsire_shadow:597;togekiss:535;lunatone:521,lapras:301;miltank:356;hypno:391;dubwool:410;grumpig:439
xatu,Xatu,74,132.2,107.9,119,1698,PECK,PSYSHOCK,AERIAL_ACE,78.3,75.4,68.2,37.5,orbeetle:903;gallade_shadow:710;feraligatr_shadow:617;florges:537;kingdra:533,miltank:350;grumpig:363;hypno:374;dubwool:398;lapras:413
gothitelle,Gothitelle,73.8,115.3,140.9,119,1934,CONFUSION,ROCK_SLIDE,FUTURE_SIGHT,70.5,58.5,78.3,48,lapras:663;florges:647;dubwool:508;miltank:504;azumarill:504,grumpig:162;raichu_alolan:207;barbaracle:291;hypno:306;blastoise:457
tauros_aqua,Tauros (Aqua),73.8,127.8,120.6,114,1759,DOUBLE_KICK,AQUA_JET,TRAILBLAZE,68.3,55.2,66.2,53.2,quagsire_shadow:640;barbaracle:627;miltank:543;lapras:530;blastoise:517,florges:131;raichu_alolan:198;hypno:251;dubwool:285;grumpig:314
exploud,Exploud,73.6,119.7,99.4,157,1870,ASTONISH,CRUNCH,BOOMBURST,67.3,42.2,81.3,47.2,orbeetle:640;hypno:617;feraligatr_shadow:573;slowking_galarian:541;azumarill:538,dubwool:109;miltank:250;barbaracle:282;grumpig:367;lapras:388
wailord_shadow,Wailord (Shadow),73.4,118.3,67.4,237,1892,ROLLOUT,SURF,HYPER_BEAM,72.6,64.6,66.5,38.7,orbeetle:611;weezing_galarian_shadow:605;lapras:590;azumarill:544;walrein:516,miltank:326;hypno:340;dubwool:371;grumpig:397;barbaracle:430
zoroark_hisuian,Zoroark (Hisuian),73.3,163.4,87.5,96,1374,SHADOW_CLAW,SHADOW_BALL,FOUL_PLAY,72.7,57.1,72.2,27.7,raichu_alolan:786;slowking_galarian:786;barbaracle:614;hypno:604;grumpig:557,miltank:276;florges:277;dubwool:312;lapras:388;blastoise:430
palpitoad,Palpitoad,73.2,116.2,102.9,161,1927,MUD_SHOT,WATER_PULSE,EARTH_POWER,65.6,43.7,77.5,44.5,weezing_galarian_shadow:670;slowking_galarian:664;barbaracle:639;lunatone:630;miltank:621,florges:95;hypno:309;dubwool:335;lapras:346;grumpig:386
lopunny,Lopunny,73,112,143.6,124,1996,LOW_KICK,TRIPLE_AXEL,HYPER_BEAM,60.9,48.8,87.6,40.2,mew:689;oinkologne_female:620;linoone:600;miltank:576;seaking:508,hypno:132;grumpig:261;lapras:321;dubwool:441;barbaracle:443
wartortle_shadow,Wartortle (Shadow),73,107.6,139,139,2080,WATER_GUN,AQUA_JET,ICE_BEAM,66.4,58,73.3,51.7,ninetales_alolan:751;quagsire:597;quagsire_shadow:586;florges:525;slowking_galarian:525,lapras:284;dubwool:296;hypno:299;grumpig:299;miltank:490
heliolisk,Heliolisk,72.9,138.1,112.1,105,1626,VOLT_SWITCH,BREAKING_SWIPE,PARABOLIC_CHARGE,70.5,54.1,65.3,57.5,feraligatr_shadow:866;azumarill:733;linoone:642;raichu_alolan:538;lapras:504,dubwool:218;florges:254;grumpig:276;miltank:283;barbaracle:417
vaporeon,Vaporeon,72.9,118.4,96.9,165,1894,WATER_GUN,AQUA_TAIL,LAST_RESORT,69.2,57.3,68.5,49.7,weezing_galarian_shadow:654;lunatone:560;quagsire_shadow:542;feraligatr_shadow:542;florges:515,hypno:316;grumpig:333;dubwool:339;lapras:340;miltank:486
mewtwo_shadow,Mewtwo (Shadow),72.7,147.3,94.4,106,1475,PSYCHO_CUT,PSYSTRIKE,THUNDERBOLT,70,75.1,79,14.2,dubwool:830;florges:759;blastoise:731;raichu_alolan:712;slowking_galarian:665,barbaracle:200;hypno:302;grumpig:356;lapras:460;miltank:480
bibarel,Bibarel,72.6,122.9,99.2,149,1819,ROLLOUT,SURF,HYPER_FANG,73.4,60.7,68.2,44.2,feraligatr_shadow:677;pelipper:671;azumarill:557;linoone:520;walrein:506,hypno:295;dubwool:312;grumpig:344;miltank:360;lapras:413
staraptor_shadow,Staraptor (Shadow),72.5,140.3,90.8,125,1594,WING_ATTACK,FLY,CLOSE_COMBAT,47.7,58,76.3,21,seaking:660;linoone:604;oinkologne_female:584;gallade_shadow:524;dewott:524,miltank:153;lapras:203;dubwool:218;grumpig:231;hypno:459
meowstic,Meowstic (Male),72.3,117.1,123.9,132,1917,SUCKER_PUNCH,ENERGY_BALL,THUNDERBOLT,59.3,51.3,78.7,50.2,girafarig_shadow:795;bruxish:715;uxie:606;latias:587;dubwool:511,lapras:254;barbaracle:265;hypno:336;grumpig:367;miltank:440
bewear,Bewear,72.2,129.6,87.1,153,1729,SHADOW_CLAW,SUPER_POWER,STOMP,76.5,61.8,73.8,46,quagsire_shadow:637;barbaracle:604;blastoise:601;feraligatr_shadow:552;miltank:526,dubwool:234;hypno:360;florges:368;grumpig:458;lapras:494
golduck_shadow,Golduck (Shadow),72.2,124.1,112.1,129,1797,CONFUSION,CROSS_CHOP,LIQUIDATION,73.7,68.7,66,40.5,feraligatr_shadow:724;walrein:647;pelipper:589;barbaracle:581;azumarill:519,hypno:227;grumpig:253;miltank:416;dubwool:453;lapras:486
gothorita,Gothorita,72.2,112.2,132.7,134,1997,CONFUSION,FUTURE_SIGHT,PSYCHIC,62.1,46.2,81,47,quagsire:623;weezing_galarian_shadow:619;dubwool:593;azumarill:578;dunsparce:518,grumpig:162;barbaracle:291;hypno:292;lapras:455;miltank:460
delphox_shadow,Delphox (Shadow),72.1,132.6,115.6,110,1687,FIRE_SPIN,PSYSHOCK,BLAST_BURN,61.1,38.4,72.2,33,orbeetle:668;florges:659;hypno:559;dubwool:527;slowking_galarian:504,barbaracle:178;blastoise:192;miltank:260;lapras:270;grumpig:496
mesprit,Mesprit,72,123.5,128,114,1804,CONFUSION,SWIFT,FUTURE_SIGHT,73.2,65.7,69.8,48.2,weezing_galarian:644;lapras:631;gallade_shadow:618;florges:596;weezing_galarian_shadow:557,hypno:251;grumpig:314;barbaracle:356;miltank:393;dubwool:425
quaxwell,Quaxwell,71.7,125.4,103.5,138,1792,WING_ATTACK,AQUA_JET,AERIAL_ACE,65.6,62.8,70.2,53.5,dunsparce:623;quagsire:579;milotic:561;azumarill:547;palkia_shadow:518,lapras:276;hypno:278;dubwool:308;miltank:346;grumpig:386
buneary,Buneary,71.5,121.8,100.8,135,1659,QUICK_ATTACK,SWIFT,FIRE_PUNCH,66.8,59.8,66.3,52,ursaring_shadow:896;mew:648;linoone:644;castform:596;florges:566,lapras:284;dubwool:304;miltank:320;grumpig:321;hypno:445
espeon,Espeon,71.5,148,105.6,97,1517,CONFUSION,PSYCHIC_FANGS,SHADOW_BALL,75.7,82.6,58.7,32.5,florges:788;azumarill:685;quagsire_shadow:572;hypno:546;feraligatr_shadow:530,barbaracle:265;grumpig:329;miltank:380;lapras:405;dubwool:417
slowking,Slowking,71.5,113.4,120.9,144,1975,CONFUSION,SURF,BLIZZARD,71.4,53.5,70.5,56,weezing_galarian_shadow:625;quagsire_shadow:611;walrein:586;florges:572;blastoise:531,grumpig:162;hypno:353;lapras:396;miltank:426;dubwool:460
staravia_shadow,Staravia (Shadow),71.5,131.9,91.5,135,1631,WING_ATTACK,BRAVE_BIRD,FLY,49.6,48.5,74.7,21.7,azumarill:729;seaking:685;linoone:633;gallade_shadow:514;orbeetle:503,miltank:186;lapras:203;hypno:207;dubwool:218;grumpig:231
spritzee,Spritzee,71.4,105,107.5,168,1898,CHARM,THUNDERBOLT,DRAINING_KISS,65.7,48.3,73.8,66.7,gallade_shadow:877;kingdra:726;azumarill:577;barbaracle:514;dunsparce:514,hypno:302;lapras:337;miltank:350;grumpig:378;dubwool:441
alakazam_shadow,Alakazam (Shadow),71.3,155.8,101.4,91,1439,PSYCHO_CUT,FIRE_PUNCH,SHADOW_BALL,76.2,73,63.5,14.7,grumpig:763;hypno:719;florges:719;raichu_alolan:719;blastoise:648,barbaracle:200;miltank:336;dubwool:402;azumarill:437;lapras:486
bibarel_shadow,Bibarel (Shadow),71.3,122.9,99.2,149,1819,ROLLOUT,SURF,HYPER_FANG,69.7,66.4,69.3,30,walrein:691;feraligatr_shadow:637;pelipper:607;lapras:536;azumarill:526,miltank:336;hypno:360;dubwool:378;grumpig:412;barbaracle:469
delphox,Delphox,71.1,132.6,115.6,110,1687,FIRE_SPIN,PSYSHOCK,BLAST_BURN,65.1,39.9,69.8,37.5,florges:704;dubwool:659;hypno:645;slowking_galarian:586;weezing_galarian_shadow:513,barbaracle:143;blastoise:165;lapras:226;grumpig:409;miltank:423
kabuto,Kabuto,71.1,134.4,129.4,96,1672,MUD_SHOT,AQUA_JET,ROCK_TOMB,68.7,67.5,65.7,36.5,lunatone:713;weezing_galarian_shadow:630;girafarig_shadow:562;azumarill:520;dunsparce:515,hypno:282;grumpig:299;miltank:300;dubwool:300;lapras:418
delcatty,Delcatty,71,111.9,116.8,153,2000,FEINT_ATTACK,WILD_CHARGE,DISARMING_VOICE,66.5,52.6,74.8,39.2,orbeetle:692;feraligatr_shadow:643;blastoise:637;slowking_galarian:588;hypno:529,barbaracle:247;grumpig:276;miltank:356;dubwool:359;lapras:477
qwilfish,Qwilfish,70.7,131.1,105.5,123,1703,POISON_STING,AQUA_TAIL,ICE_BEAM,67.1,64.6,63.2,48.5,togekiss:752;ninetales_alolan:670;florges:658;weezing_galarian_shadow:654;azumarill:634,lapras:212;hypno:251;miltank:276;dubwool:277;grumpig:333
corsola,Corsola,70.6,108.5,142,134,2066,BUBBLE,POWER_GEM,ROCK_BLAST,67.8,48.9,68.8,52.5,pelipper:675;orbeetle:638;togekiss:578;miltank:555;weezing_galarian_shadow:548,dubwool:160;grumpig:333;lapras:407;barbaracle:478;hypno:482
gardevoir_shadow,Gardevoir (Shadow),70.4,136.5,115.6,104,1642,CHARM,TRIPLE_AXEL,SHADOW_BALL,75.3,58.2,47,59.5,gallade_shadow:899;kingdra:831;raichu_alolan:778;girafarig_shadow:745;dubwool:625,lapras:349;grumpig:409;miltank:423;hypno:442;barbaracle:469
golduck,Golduck,70.4,124.1,112.1,129,1797,CONFUSION,CROSS_CHOP,LIQUIDATION,68.4,57.9,69.8,58.5,weezing_galarian_shadow:647;weezing_galarian:600;quagsire_shadow:542;walrein:531;feraligatr_shadow:503,grumpig:162;hypno:193;miltank:346;dubwool:394;lapras:410
kabuto_shadow,Kabuto (Shadow),70.4,134.4,129.4,96,1672,MUD_SHOT,AQUA_JET,ROCK_TOMB,77.7,74.4,67.2,20.7,feraligatr_shadow:682;raichu_alolan:630;orbeetle:567;slowking_galarian:546;weezing_galarian_shadow:541,miltank:323;hypno:326;dubwool:382;grumpig:386;lapras:463
staravia,Staravia,70.4,131.9,91.5,135,1631,WING_ATTACK,BRAVE_BIRD,FLY,50,43.4,78,24.7,linoone:707;oinkologne_female:685;dewott:603;weezing_galarian:603;orbeetle:592,miltank:150;lapras:170;dubwool:175;grumpig:185;hypno:363
herdier,Herdier,70.1,118.8,111.6,142,1885,SAND_ATTACK,DIG,THUNDERBOLT,64.8,51.4,73.8,35,blastoise:616;florges:588;slowking_galarian:580;feraligatr_shadow:563;azumarill:514,grumpig:185;miltank:346;dubwool:363;hypno:377;lapras:449
exploud_shadow,Exploud (Shadow),70,119.7,99.4,157,1870,ASTONISH,CRUNCH,BOOMBURST,64.3,42,67.8,45,raichu_alolan:805;blastoise:547;hypno:535;florges:535;feraligatr_shadow:515,dubwool:113;lapras:254;miltank:300;barbaracle:317;grumpig:428
omanyte_shadow,Omanyte (Shadow),69.8,128,135.2,101,1750,MUD_SHOT,ROCK_TOMB,ROCK_BLAST,70,68.5,62.5,28.5,feraligatr_shadow:698;weezing_galarian_shadow:594;slowking_galarian:579;blastoise:524;azumarill:519,miltank:253;grumpig:303;hypno:329;lapras:329;dubwool:367
suicune_shadow,Suicune (Shadow),69.5,107.1,139.9,136,2039,ICE_FANG,BUBBLE_BEAM,SCALD,77.5,61.5,71.2,47.2,quagsire_shadow:621;slowking_galarian:599;dubwool:536;grumpig:522;florges:507,lapras:184;barbaracle:230;blastoise:288;raichu_alolan:319;miltank:466
floatzel,Floatzel,69.4,143.8,81.7,133,1564,WATERFALL,AQUA_JET,SWIFT,68.9,70,63.5,29.5,raichu_alolan:657;ninetales_alolan:635;hypno_shadow:567;dunsparce:518;oinkologne_female:515,lapras:304;miltank:366;dubwool:390;grumpig:420;hypno:435
granbull_shadow,Granbull (Shadow),69.3,135.3,88.3,139,1662,SNARL,CLOSE_COMBAT,CRUNCH,70.2,57.4,67.5,15.7,lapras:758;grumpig:679;dubwool:654;barbaracle:636;miltank:622,florges:100;slowking_galarian:206;raichu_alolan:256;blastoise:407;hypno:448
swellow,Swellow,69.3,135.9,99.9,121,1645,WING_ATTACK,BRAVE_BIRD,AERIAL_ACE,49.3,38.9,77.5,23.7,linoone:694;oinkologne_female:665;orbeetle:570;florges:516;pelipper:508,miltank:150;lapras:170;dubwool:175;grumpig:231;hypno:319
porygon,Porygon,69.1,120,115.4,135,1870,TACKLE,DISCHARGE,SIGNAL_BEAM,64.8,53.1,70.2,44.5,mew:674;blastoise:603;feraligatr_shadow:600;dewott:525;linoone:503,grumpig:276;miltank:323;dubwool:343;lapras:421;hypno:472
ponyta_galarian,Ponyta (Galarian),68.9,133.5,108.2,116,1676,PSYCHO_CUT,SWIFT,PLAY_ROUGH,65.9,68.4,56.2,39.2,gallade_shadow:568;dunsparce:538;kingdra:534;weezing_galarian:517;pelipper:504,grumpig:234;hypno:316;lapras:382;miltank:416;dubwool:421
seismitoad,Seismitoad,68.9,120.3,100.8,154,1869,MUD_SHOT,EARTH_POWER,SLUDGE_BOMB,59.2,49.4,74.7,39.2,weezing_galarian_shadow:652;slowking_galarian:646;barbaracle:623;lunatone:610;azumarill:568,hypno:295;grumpig:333;lapras:335;dubwool:355;miltank:383
blissey,Blissey,68.8,81,111.2,307,2769,ZEN_HEADBUTT,WILD_CHARGE,DAZZLING_GLEAM,57.1,34.5,77.3,54.7,milotic_shadow:584;pelipper:573;blastoise:570;dewott:552;castform:540,grumpig:151;hypno:272;dubwool:335;miltank:416;lapras:421
diancie,Diancie,68.8,119.1,175.1,89,1858,ROCK_THROW,ROCK_SLIDE,MOONBLAST,63.6,44.7,72,60.5,orbeetle:657;kingdra:617;togekiss:617;pelipper:584;miltank:511,grumpig:276;hypno:289;lapras:371;dubwool:378;barbaracle:447
omanyte,Omanyte,68.8,128,135.2,101,1750,MUD_SHOT,ROCK_TOMB,ROCK_BLAST,65.1,62.1,63.5,37.2,pelipper:574;azumarill:564;seaking:529;slowking_galarian:504;weezing_galarian:504,dubwool:289;hypno:292;grumpig:303;lapras:307;miltank:490
purugly,Purugly,68.8,125.5,105.5,134,1775,SHADOW_CLAW,AERIAL_ACE,THUNDER,63.8,51.4,69.5,32,florges:589;lapras:555;feraligatr_shadow:522;hypno:511;orbeetle:503,barbaracle:213;dubwool:234;grumpig:276;miltank:306;blastoise:342
staraptor,Staraptor,68.6,140.3,90.8,125,1594,WING_ATTACK,FLY,CLOSE_COMBAT,48.8,55,70.7,21.5,linoone:692;oinkologne_female:660;castform:588;dewott:572;orbeetle:560,lapras:170;dubwool:175;miltank:186;grumpig:231;hypno:377
grafaiai,Grafaiai,68.5,134.2,107.7,115,1664,MUD_SLAP,POISON_FANG,SLUDGE_BOMB,66.2,46.7,60.8,44.7,raichu_alolan:804;florges:708;weezing_galarian_shadow:647;blastoise:539;kingdra:504,grumpig:276;hypno:292;lapras:340;miltank:383;dubwool:417
slowking_shadow,Slowking (Shadow),68.5,113.4,120.9,144,1975,CONFUSION,SURF,BLIZZARD,66.2,55,62.3,55,weezing_galarian_shadow:576;azumarill:572;lunatone:559;quagsire_shadow:513;walrein:510,grumpig:208;dubwool:238;miltank:263;hypno:384;lapras:418
smoochum,Smoochum,68.3,141.1,89,120,1509,POWDER_SNOW,PSYSHOCK,ICE_PUNCH,67.9,70.8,68,23.7,raichu_alolan:787;togekiss:704;girafarig_shadow:687;quagsire_shadow:575;feraligatr_shadow:537,lapras:284;miltank:363;hypno:384;dubwool:410;grumpig:446
kabutops,Kabutops,68.1,135.4,119.7,102,1655,FURY_CUTTER,STONE_EDGE,WATER_PULSE,49.5,41.4,69.8,31.2,walrein:642;furfrou:612;pelipper:563;dewott:514;slowking_galarian:504,miltank:150;dubwool:175;lapras:203;hypno:258;grumpig:367
ursaluna,Ursaluna,68.1,125.6,98.6,144,1786,TACKLE,SWIFT,HIGH_HORSEPOWER,66.4,43.7,56.2,43.2,raichu_alolan:565;slowking_galarian:562;miltank:538;hypno:513;florges:510,lapras:203;barbaracle:213;grumpig:276;blastoise:280;dubwool:480
wobbuffet_shadow,Wobbuffet (Shadow),68.1,63,101.6,333,2134,COUNTER,MIRROR_COAT,FRUSTRATION,66.8,43.8,63.7,67.2,dubwool:602;walrein:569;miltank:510;barbaracle:504;lapras:503,hypno:207;grumpig:212;raichu_alolan:310;florges:313;blastoise:323
prinplup,Prinplup,67.9,118.6,117,136,1889,BUBBLE,ICY_WIND,HYDRO_PUMP,62.7,46.1,63.7,31.7,ninetales_alolan:628;quagsire_shadow:599;miltank:577;togekiss:577;hypno:544,lapras:142;barbaracle:213;grumpig:253;dubwool:367;florges:427
teddiursa_shadow,Teddiursa (Shadow),67.9,131.5,90.4,142,1690,LICK,SWIFT,CROSS_CHOP,56.8,53.2,63,32,latios:644;slowbro:595;hypno_shadow:552;orbeetle:507;mew:503,dubwool:78;lapras:203;miltank:316;grumpig:367;hypno:493
persian,Persian,67.7,118.6,116.3,137,1890,FEINT_ATTACK,NIGHT_SLASH,POWER_GEM,62.2,49.2,68.8,43,orbeetle:656;feraligatr_shadow:602;slowking_galarian:591;hypno:518;linoone:503,barbaracle:213;grumpig:276;dubwool:328;miltank:366;lapras:469
shellos,Shellos,67.7,99.1,100.8,166,1660,MUD_SLAP,BODY_SLAM,WATER_PULSE,67,53.1,62.5,49.7,weezing_galarian_shadow:569;lunatone:542;slowking_galarian:533;quagsire_shadow:530;quagsire:527,dubwool:257;lapras:284;hypno:340;miltank:356;grumpig:412
suicune,Suicune,67.6,106.2,143,137,2083,ICE_FANG,BUBBLE_BEAM,SCALD,76.4,59.7,69,51,quagsire_shadow:686;grumpig:624;florges:609;orbeetle:602;slowking_galarian:514,lapras:189;barbaracle:282;dubwool:312;miltank:340;hypno:404
porygon2,Porygon2,67.5,122.1,117.9,127,1830,LOCK_ON,TRI_ATTACK,ZAP_CANNON,67.5,76.9,78.7,26,mew:665;florges:618;blastoise:602;feraligatr_shadow:582;lapras:570,barbaracle:108;grumpig:272;miltank:403;hypno:411;dubwool:437
alakazam,Alakazam,67.4,155.8,101.4,91,1439,PSYCHO_CUT,FIRE_PUNCH,SHADOW_BALL,72.7,71.7,65.7,15.2,hypno:774;florges:774;grumpig:763;raichu_alolan:719;slowking_galarian:664,barbaracle:239;miltank:290;lapras:307;dubwool:328;blastoise:442
gothitelle_shadow,Gothitelle (Shadow),67.4,115.3,140.9,119,1934,CONFUSION,ROCK_SLIDE,FUTURE_SIGHT,64.6,58,65.8,47.2,gallade_shadow:600;florges:592;azumarill:588;weezing_galarian_shadow:571;lapras:525,grumpig:208;miltank:306;barbaracle:343;hypno:357;dubwool:359
litleo,Litleo,67.4,121.5,105.7,144,1852,INCINERATE,FLAME_CHARGE,CRUNCH,63.8,55.2,57,48.2,florges:649;weezing_galarian_shadow:618;hypno:590;slowking_galarian:555;dubwool:510,barbaracle:108;blastoise:142;lapras:203;grumpig:231;miltank:466
meowstic_female,Meowstic (Female),67.4,117.1,123.9,132,1917,CONFUSION,SHADOW_BALL,PSYCHIC,56.6,43.4,74.3,44.5,weezing_galarian_shadow:594;slowbro:579;oinkologne_female:568;uxie:553;dubwool:511,grumpig:162;hypno:170;lapras:256;barbaracle:291;miltank:466
jynx,Jynx,67.1,141.2,102.2,110,1588,CONFUSION,AVALANCHE,PSYSHOCK,58.7,59.5,67.5,31.7,seaking:722;ninetales_alolan:645;walrein:622;slowking_galarian:513;hypno_shadow:504,grumpig:208;miltank:236;dubwool:257;lapras:270;hypno:431
kabutops_shadow,Kabutops (Shadow),67,135.4,119.7,102,1655,FURY_CUTTER,STONE_EDGE,WATER_PULSE,48.7,38.3,60.8,27.5,latios:602;latias_shadow:602;munchlax:593;walrein:549;furfrou:549,lapras:203;miltank:223;dubwool:261;hypno:343;grumpig:367
reuniclus_shadow,Reuniclus (Shadow),66.9,126.9,94.9,147,1771,CHARM,PSYSHOCK,SHADOW_BALL,65.4,47.4,57.7,41.7,gallade_shadow:877;dubwool:636;miltank:585;kingdra:561;lapras:510,grumpig:306;florges:322;hypno:343;blastoise:350;barbaracle:352
tirtouga,Tirtouga,66.8,114.3,132.4,130,1970,WATER_GUN,SURF,BODY_SLAM,62.5,50.5,61.2,47.7,slowking_galarian:657;barbaracle:584;weezing_galarian:565;togekiss:542;seaking:534,dubwool:175;grumpig:276;lapras:298;hypno:380;miltank:416
gothorita_shadow,Gothorita (Shadow),66.6,112.2,132.7,134,1997,CONFUSION,FUTURE_SIGHT,PSYCHIC,57.6,45.6,72.3,47,gallade_shadow:630;weezing_galarian:619;dunsparce:604;weezing_galarian_shadow:600;azumarill:526,grumpig:185;hypno:193;lapras:296;miltank:306;dubwool:332
porygon_shadow,Porygon (Shadow),66.6,120,115.4,135,1870,TACKLE,DISCHARGE,SIGNAL_BEAM,59.2,48.6,66.5,43.7,linoone:640;mew:637;dunsparce:600;florges:577;blastoise:525,lapras:203;dubwool:261;grumpig:276;miltank:293;hypno:404
chatot,Chatot,66.5,139.6,78.4,147,1610,PECK,SKY_ATTACK,HEAT_WAVE,55.8,57.6,64.2,27,oinkologne_female:656;linoone:639;gallade_shadow:602;orbeetle:551;florges:523,miltank:186;lapras:203;dubwool:218;grumpig:231;hypno:404
granbull,Granbull,66.5,135.3,88.3,139,1662,SNARL,CLOSE_COMBAT,CRUNCH,64.1,49.5,65.8,27.7,barbaracle:733;dubwool:694;girafarig_shadow:582;linoone:579;dunsparce:535,florges:68;hypno:391;lapras:424;grumpig:446;miltank:486
stufful,Stufful,66,124.8,92.1,156,1795,TACKLE,SUPER_POWER,STOMP,63.3,48.3,62.5,47.5,linoone:740;miltank:721;blastoise:637;barbaracle:580;feraligatr_shadow:548,lapras:203;hypno:258;grumpig:276;florges:290;dubwool:304
croconaw,Croconaw,65.8,117.7,120,135,1908,WATER_GUN,ICE_PUNCH,WATER_PULSE,59.7,53.7,64.5,42.2,quagsire:592;ninetales_alolan:581;primarina:570;quagsire_shadow:559;florges:503,lapras:175;dubwool:199;grumpig:287;hypno:306;miltank:496
omastar_shadow,Omastar (Shadow),65.7,126.6,128.4,109,1773,MUD_SHOT,ROCK_SLIDE,HYDRO_PUMP,60,42.5,64.3,27.5,walrein:811;togekiss:811;feraligatr_shadow:720;pelipper:623;weezing_galarian_shadow:568,miltank:323;hypno:340;dubwool:367;grumpig:386;lapras:444
persian_shadow,Persian (Shadow),65.7,118.6,116.3,137,1890,FEINT_ATTACK,NIGHT_SLASH,POWER_GEM,58.5,46.4,66.2,36,mew:667;hypno_shadow:645;orbeetle:613;slowking_galarian:510;feraligatr_shadow:503,lapras:170;dubwool:175;grumpig:321;miltank:353;hypno:489
watchog,Watchog,65.6,125.1,114,125,1785,LOW_KICK,CRUNCH,HYPER_FANG,57,42.2,68.3,31.5,castform:768;furfrou:708;linoone:648;feraligatr_shadow:580;kingdra_shadow:524,grumpig:94;dubwool:218;hypno:329;miltank:380;lapras:393
tirtouga_shadow,Tirtouga (Shadow),65.5,114.3,132.4,130,1970,WATER_GUN,SURF,BODY_SLAM,57.1,50.1,58.5,39.5,pidgeot:753;toucannon:646;weezing_galarian_shadow:634;slowking_galarian:526;ninetales_alolan:515,miltank:243;hypno:258;dubwool:261;grumpig:276;lapras:321
watchog_shadow,Watchog (Shadow),65.5,125.1,114,125,1785,LOW_KICK,CRUNCH,HYPER_FANG,55,38.3,68,22.5,linoone:700;mew:628;miltank:588;kingdra:524;florges:504,grumpig:140;lapras:237;barbaracle:239;dubwool:261;hypno:387
drowzee,Drowzee,65.3,87.3,126.8,142,1575,CONFUSION,PSYSHOCK,RETURN,59.5,48.2,66.5,45,weezing_galarian:690;gallade_shadow:672;weezing_galarian_shadow:616;girafarig:598;gallade:524,grumpig:140;hypno:210;lapras:343;dubwool:417;miltank:426
purugly_shadow,Purugly (Shadow),65.2,125.5,105.5,134,1775,SHADOW_CLAW,AERIAL_ACE,THUNDER,51.7,44,66.7,31,hypno_shadow:593;orbeetle:582;slowbro_shadow:548;mew:537;uxie:503,dubwool:89;lapras:203;miltank:340;grumpig:367;hypno:431
gardevoir,Gardevoir,65,136.5,115.6,104,1642,CHARM,TRIPLE_AXEL,SHADOW_BALL,65.9,49.8,50.7,54.7,gallade_shadow:894;kingdra_shadow:831;drampa:831;kingdra:725;girafarig_shadow:557,lapras:301;hypno:343;grumpig:348;miltank:396;dubwool:492
omastar,Omastar,64.9,126.6,128.4,109,1773,MUD_SHOT,ROCK_SLIDE,HYDRO_PUMP,56.5,38,65.3,37.5,toucannon:811;toucannon_shadow:811;slowking_galarian:587;blastoise:559;weezing_galarian:527,miltank:260;hypno:261;dubwool:285;grumpig:303;lapras:410
stantler,Stantler,64.9,132.1,99.4,129,1695,TACKLE,WILD_CHARGE,STOMP,54.9,39.6,62.3,42,azumarill:763;linoone:693;mew:635;florges:562;castform:542,lapras:203;dubwool:261;grumpig:276;miltank:293;hypno:414
brionne,Brionne,64.7,125.8,117,121,1783,CHARM,AQUA_JET,DISARMING_VOICE,54.4,35.9,65.8,45,latios:747;latias_shadow:665;quagsire:553;ninetales_alolan:537;walrein:524,miltank:190;hypno:221;dubwool:222;grumpig:276;lapras:388
musharna,Musharna,64.7,113.1,108.8,161,1982,CHARGE_BEAM,PSYSHOCK,DAZZLING_GLEAM,57.1,43.7,64,34.2,weezing_galarian_shadow:577;dubwool:574;lapras_shadow:562;slowbro:555;gallade:524,barbaracle:178;grumpig:208;hypno:265;miltank:420;lapras:488
ursaluna_shadow,Ursaluna (Shadow),64.7,125.6,98.6,144,1786,TACKLE,SWIFT,HIGH_HORSEPOWER,57.6,46.5,51.5,44.2,dunsparce:625;weezing_galarian:607;mew:593;rapidash_galarian:541;weezing_galarian_shadow:531,lapras:270;grumpig:276;dubwool:285;miltank:293;hypno:299
volcanion,Volcanion,64.7,135.5,117.4,103,1640,INCINERATE,SCALD,OVERHEAT,50.9,65.1,63,33.2,ninetales_alolan:878;florges:655;weezing_galarian:611;orbeetle:572;linoone:504,lapras:215;miltank:216;dubwool:238;hypno:258;grumpig:261
raticate,Raticate,64.5,125.9,116,122,1783,QUICK_ATTACK,HYPER_FANG,DIG,61.9,43.1,67.3,26.5,quagsire_shadow:643;weezing_galarian_shadow:618;feraligatr_shadow:569;florges:549;slowking_galarian:520,grumpig:185;miltank:373;dubwool:402;lapras:405;hypno:408
teddiursa,Teddiursa,64.1,131.5,90.4,142,1690,LICK,SWIFT,CROSS_CHOP,57.1,55.3,60.7,35,slowpoke_shadow:616;mew:612;slowbro_shadow:595;gyarados:510;feraligatr_shadow:507,dubwool:89;lapras:203;miltank:283;grumpig:367;hypno:394
huntail,Huntail,63.9,130.8,125.6,104,1709,WATER_GUN,AQUA_TAIL,CRUNCH,52.8,52.9,59.7,35.7,rufflet:706;weezing_galarian:658;wyrdeer:620;swampert_shadow:600;pidgeot_shadow:514,miltank:223;hypno:258;dubwool:261;grumpig:276;lapras:315
mr_mime_galarian,Mr. Mime (Galarian),63.9,130.4,127,104,1724,CONFUSION,ICE_PUNCH,TRIPLE_AXEL,63.6,51,57.4,36,florges:615;girafarig_shadow:591;weezing_galarian:581;pelipper:562;weezing_galarian_shadow:533,miltank:273;lapras:326;hypno:340;grumpig:375;dubwool:453
mr_rime,Mr. Rime,63.9,127.4,114.4,120,1750,CONFUSION,ICY_WIND,PSYCHIC,63,54.9,51.9,39,lapras:604;florges:583;weezing_galarian_shadow:575;walrein:570;ninetales_alolan:570,grumpig:185;miltank:283;barbaracle:317;dubwool:332;hypno:360
pidgeotto,Pidgeotto,63.9,110.9,100.8,147,1644,WING_ATTACK,AIR_CUTTER,TWISTER,62.8,53.4,56.7,43.2,orbeetle:605;florges:581;linoone:554;feraligatr_shadow:540;oinkologne_female:513,miltank:263;dubwool:269;lapras:273;hypno:316;grumpig:348
poliwhirl,Poliwhirl,63.9,114.2,115.9,148,1961,BUBBLE,SCALD,MUD_BOMB,60.5,40.8,65.8,34.5,ninetales_alolan_shadow:702;quagsire_shadow:591;ninetales_alolan:577;florges:530;lunatone:516,lapras:245;hypno:370;dubwool:386;miltank:393;grumpig:428
basculin,Basculin,63.8,133.9,97.1,129,1679,WATER_GUN,AQUA_TAIL,AQUA_JET,52.3,49.7,59.2,34,furfrou:643;weezing_galarian:639;swampert_shadow:577;quagsire:519;pidgeot_shadow:519,miltank:223;hypno:258;dubwool:261;lapras:276;grumpig:276
pyroar,Pyroar,63.8,135,97.9,126,1667,INCINERATE,FLAME_CHARGE,DARK_PULSE,54.6,48.9,50.2,38,florges:734;linoone:702;weezing_galarian_shadow:646;orbeetle:563;miltank:523,barbaracle:126;lapras:226;dubwool:238;hypno:258;grumpig:261
carracosta,Carracosta,63.7,121.4,126.9,120,1850,WATER_GUN,LIQUIDATION,BODY_SLAM,59.3,49.1,56,39,pidgeot:733;ninetales_alolan:720;slowking_galarian:620;weezing_galarian:550;furfrou:537,dubwool:175;grumpig:276;lapras:298;barbaracle:317;hypno:353
pidgeotto_shadow,Pidgeotto (Shadow),63.3,110.9,100.8,147,1644,WING_ATTACK,AIR_CUTTER,TWISTER,64.6,59.5,54.2,34,ursaring_shadow:874;kingdra:710;oinkologne_female:683;orbeetle:517;feraligatr_shadow:506,miltank:286;dubwool:289;hypno:299;lapras:304;grumpig:348
porygon2_shadow,Porygon2 (Shadow),63.3,122.1,117.9,127,1830,LOCK_ON,TRI_ATTACK,ZAP_CANNON,50.6,47.6,70.7,25,azumarill:783;linoone:696;mew:629;florges:543;blastoise:523,lapras:69;hypno:88;dubwool:89;grumpig:94;miltank:453
raticate_shadow,Raticate (Shadow),63.3,125.9,116,122,1783,QUICK_ATTACK,HYPER_FANG,DIG,48.7,36.3,66.7,24,linoone:688;quagsire:643;mew:614;florges:545;pelipper:504,lapras:203;hypno:207;dubwool:218;grumpig:231;miltank:453
beheeyem,Beheeyem,63.2,134.4,105.7,117,1663,CONFUSION,ROCK_SLIDE,DARK_PULSE,57.4,54.1,54.5,36.2,weezing_galarian:551;hypno_shadow:542;dunsparce:538;florges:525;gallade_shadow:521,grumpig:185;lapras:296;miltank:306;dubwool:332;hypno:462
ambipom_shadow,Ambipom (Shadow),63.1,133.8,100.5,124,1670,ASTONISH,AERIAL_ACE,LOW_SWEEP,60.1,47.6,53.2,35.2,gallade_shadow:826;raichu_alolan:802;bruxish:657;mew:544;hypno_shadow:536,lapras:248;dubwool:277;miltank:290;hypno:476;grumpig:488
poliwhirl_shadow,Poliwhirl (Shadow),63,114.2,115.9,148,1961,BUBBLE,SCALD,MUD_BOMB,51.5,39.9,65,29.5,ninetales_alolan:702;quagsire:591;furfrou:564;quagsire_shadow:516;florges:506,hypno:166;dubwool:167;grumpig:215;lapras:284;miltank:440
skrelp,Skrelp,62.5,104.1,104.1,127,1379,ACID,AQUA_TAIL,TWISTER,60.8,47,55.2,43,florges:637;azumarill:629;ninetales_alolan:515;dewott:507;togekiss:503,miltank:236;hypno:261;dubwool:269;lapras:273;grumpig:310
urshifu_rapid_strike,Urshifu (Rapid Strike),62.1,136.5,97.7,121,1616,COUNTER,AQUA_JET,DYNAMIC_PUNCH,58.4,28.2,59.7,49.2,blastoise:661;walrein:648;barbaracle:644;dewott:632;linoone:578,hypno:153;grumpig:231;lapras:405;miltank:406;dubwool:433
carracosta_shadow,Carracosta (Shadow),61.9,121.4,126.9,120,1850,WATER_GUN,LIQUIDATION,BODY_SLAM,53.6,45,53.2,34.7,pidgeot:729;pidgeot_shadow:670;ninetales_alolan_shadow:637;slowbro_galarian:625;weezing_galarian_shadow:545,miltank:223;hypno:258;dubwool:261;grumpig:276;lapras:293
drowzee_shadow,Drowzee (Shadow),61.4,87.3,126.8,142,1575,CONFUSION,PSYSHOCK,PSYCHIC,59.7,49.7,59,34,gallade:672;florges:616;weezing_galarian:616;gallade_shadow:591;weezing_galarian_shadow:531,grumpig:162;hypno:214;lapras:377;miltank:390;dubwool:445
loudred_shadow,Loudred (Shadow),61.4,125.2,80.6,178,1798,BITE,STOMP,DISARMING_VOICE,62.8,43.5,45.4,58.2,mew:912;raichu_alolan:823;bruxish:688;girafarig_shadow:640;hypno_shadow:592,dubwool:261;lapras:270;miltank:293;hypno:442;grumpig:473
tentacool,Tentacool,61.3,94.1,137.8,113,1466,POISON_STING,WATER_PULSE,WRAP,57,49.8,50.4,55,ninetales_alolan:685;azumarill:676;weezing_galarian:597;weezing_galarian_shadow:544;dewott:517,hypno:204;grumpig:238;dubwool:300;lapras:349;miltank:376
ribombee,Ribombee,61.1,136.2,105.9,114,1645,FAIRY_WIND,DAZZLING_GLEAM,BUG_BUZZ,40.7,24.8,67.8,19.7,kingdra:583;gallade_shadow:557;dewott:548;orbeetle:539;florges:513,hypno:125;lapras:148;miltank:150;grumpig:185;dubwool:449
croconaw_shadow,Croconaw (Shadow),60.6,117.7,120,135,1908,WATER_GUN,ICE_PUNCH,WATER_PULSE,50.4,42.2,60.2,38.2,relicanth:666;dachsbun:585;dudunsparce:570;quagsire:559;togetic:514,lapras:175;miltank:223;hypno:258;dubwool:261;grumpig:276
eevee,Eevee,60.3,99.9,108.3,135,1463,QUICK_ATTACK,BODY_SLAM,SWIFT,58.1,47.1,54.4,41,stoutland:774;mew:666;feraligatr:625;chimecho:622;feraligatr_shadow:522,grumpig:253;dubwool:261;miltank:356;hypno:357;lapras:371
swellow_shadow,Swellow (Shadow),60.3,135.9,99.9,121,1645,WING_ATTACK,BRAVE_BIRD,SKY_ATTACK,41.7,30.6,59.9,21.2,azumarill:735;oinkologne_female:611;linoone:603;castform:545;dewott:516,miltank:186;lapras:203;hypno:207;dubwool:218;grumpig:231
swanna,Swanna,59.9,128.5,101,134,1742,AIR_SLASH,FLY,ICE_BEAM,48.5,29.1,62,34,oinkologne_female:656;azumarill:567;florges:552;dewott:541;gallade_shadow:518,miltank:166;hypno:193;dubwool:195;grumpig:215;lapras:424
mantyke,Mantyke,59.7,100.8,163,120,1973,BUBBLE,WATER_PULSE,AERIAL_ACE,53.3,34.2,58.5,37,zangoose:650;ursaring:625;oinkologne_female:591;dewott:575;samurott:575,miltank:120;dubwool:140;lapras:231;hypno:309;grumpig:412
loudred,Loudred,59.6,125.2,80.6,178,1798,BITE,STOMP,DISARMING_VOICE,60,43.4,51.4,55.5,girafarig_shadow:699;mew:665;orbeetle:606;feraligatr_shadow:547;slowking_galarian:516,lapras:262;dubwool:296;miltank:323;grumpig:378;hypno:438
gumshoos,Gumshoos,59.3,134.2,84.9,147,1677,BITE,ROCK_TOMB,CRUNCH,60.9,44.6,40.7,54,raichu_alolan:846;bruxish:693;girafarig_shadow:663;mew:608;orbeetle:534,dubwool:269;lapras:279;miltank:293;hypno:357;grumpig:473
clamperl,Clamperl,59.2,124.3,126,105,1646,WATER_GUN,BODY_SLAM,WATER_PULSE,51.1,40.7,53,35,swampert_shadow:604;qwilfish_shadow:604;pidgeot_shadow:519;azumarill:514;quagsire:504,miltank:223;hypno:258;dubwool:261;grumpig:276;lapras:279
stantler_shadow,Stantler (Shadow),59.1,133.5,98.4,128,1684,TACKLE,WILD_CHARGE,STOMP,52.7,40.1,53.7,34,azumarill:683;castform:679;linoone:609;frillish:585;dunsparce:523,dubwool:226;hypno:258;lapras:270;grumpig:276;miltank:293
cloyster,Cloyster,59,119,169.7,93,1880,ICE_SHARD,ICY_WIND,LIQUIDATION,56.2,36.8,50.5,34.2,togetic:618;gyarados_shadow:596;dodrio:559;gyarados:548;weezing_galarian_shadow:510,dubwool:167;lapras:187;grumpig:215;hypno:363;miltank:400
azelf,Azelf,58.9,152.5,90.3,106,1461,CONFUSION,SWIFT,FUTURE_SIGHT,61.4,51.6,50.5,30.2,girafarig_shadow:650;latias_shadow:617;latios:617;xatu_shadow:570;gallade:542,miltank:253;dubwool:277;hypno:319;lapras:374;grumpig:390
cinccino,Cinccino,58.9,134.9,96.1,128,1661,CHARM,AQUA_TAIL,THUNDERBOLT,54.9,39.9,52.7,38.5,gallade_shadow:808;palkia_shadow:742;mew:625;kingdra:570;dunsparce:558,dubwool:222;lapras:226;grumpig:276;hypno:363;miltank:423
goldeen,Goldeen,58.8,115.9,105,120,1462,PECK,AQUA_TAIL,HORN_ATTACK,56.2,50.2,49.2,36.7,armarouge:833;alakazam:808;alakazam_shadow:770;quagsire:533;wailord_shadow:525,miltank:260;hypno:272;dubwool:296;grumpig:314;lapras:315
kyogre_shadow,Kyogre (Shadow),58.5,133.9,116.5,104,1623,WATERFALL,AVALANCHE,SURF,52.5,40.5,43,31,armarouge:793;toucannon_shadow:610;lunatone:591;solrock:591;dunsparce:528,lapras:181;miltank:260;hypno:275;dubwool:277;grumpig:337
snubbull,Snubbull,58.2,127.7,84,142,1524,TACKLE,BRICK_BREAK,CRUNCH,51.9,39.2,49.2,47.7,latios:616;dewott:584;kingdra_shadow:584;drampa:559;gyarados_shadow:521,hypno:173;grumpig:219;lapras:363;miltank:400;dubwool:457
ambipom,Ambipom,58.1,133.8,100.5,124,1670,ASTONISH,AERIAL_ACE,RETURN,51.9,33,57.4,39.2,raichu_alolan:794;bruxish:721;latios:673;latias_shadow:673;mew:625,dubwool:85;lapras:226;miltank:266;grumpig:397;hypno:496
oricorio_pau,Oricorio (Pa'u),58.1,130.8,102,128,1710,AIR_SLASH,AIR_CUTTER,AERIAL_ACE,55.8,41.9,50.5,29.2,orbeetle:722;gallade_shadow:675;bruxish:652;girafarig_shadow:613;florges:507,miltank:166;dubwool:320;hypno:329;grumpig:348;lapras:368
prinplup_shadow,Prinplup (Shadow),58.1,118.6,117,136,1889,BUBBLE,ICY_WIND,HYDRO_PUMP,49.2,34.2,49.7,27.2,dunsparce:661;quagsire:599;munchlax:540;ninetales_alolan:533;miltank:529,lapras:142;dubwool:195;grumpig:215;barbaracle:247;hypno:350
cloyster_shadow,Cloyster (Shadow),58,119,169.7,93,1880,ICE_SHARD,ICY_WIND,LIQUIDATION,50.1,33.6,45.9,30.2,toucannon_shadow:677;latias_shadow:672;castform:629;furfrou:564;weezing_galarian:510,miltank:190;hypno:221;dubwool:222;lapras:234;grumpig:246
tentacool_shadow,Tentacool (Shadow),57.7,94.1,137.8,113,1466,POISON_STING,WATER_PULSE,WRAP,52.5,40.1,49.4,48.7,togekiss:703;azumarill:632;zangoose:619;ninetales_alolan:601;weezing_galarian:544,miltank:223;hypno:241;dubwool:253;grumpig:284;lapras:399
corphish_shadow,Corphish (Shadow),56.9,131,95.7,117,1469,BUBBLE,AQUA_JET,VICE_GRIP,42.8,32.4,53.7,16.7,furfrou:585;kecleon:585;rufflet:585;ninetales_alolan:581;swampert:547,lapras:136;miltank:190;grumpig:246;hypno:401;dubwool:429
snubbull_shadow,Snubbull (Shadow),56.7,127.7,84,142,1524,TACKLE,BRICK_BREAK,CRUNCH,46.4,41.1,48.4,33,kingdra:584;latios:577;kingdra_shadow:542;gyarados:521;drampa:510,miltank:253;hypno:258;dubwool:261;grumpig:276;lapras:424
swanna_shadow,Swanna (Shadow),56.5,128.5,101,134,1742,WATER_GUN,FLY,ICE_BEAM,47.4,37.8,58,36,oinkologne_female:638;oinkologne:623;lumineon:578;dondozo:563;samurott:548,lapras:164;miltank:223;hypno:258;dubwool:261;grumpig:276
sigilyph,Sigilyph,56.2,130,112.1,118,1721,AIR_SLASH,AIR_CUTTER,ANCIENT_POWER,52.7,43.2,48.9,29,orbeetle:894;gallade:707;gallade_shadow:703;bruxish:656;girafarig_shadow:618,miltank:166;dubwool:316;hypno:326;grumpig:348;lapras:402
elgyem,Elgyem,55.4,133.6,95.4,132,1685,CONFUSION,DARK_PULSE,PSYCHIC,52.5,40.4,55.9,36,weezing_galarian:575;dunsparce:568;gallade_shadow:545;florges:526;weezing_galarian_shadow:522,grumpig:185;hypno:193;lapras:296;miltank:306;dubwool:332
kadabra_shadow,Kadabra (Shadow),55.4,163.8,90.9,92,1370,PSYCHO_CUT,SHADOW_BALL,DAZZLING_GLEAM,35.8,28.1,54.5,14.2,hypno:635;slowbro:603;hypno_shadow:570;orbeetle:548;seaking:538,grumpig:140;miltank:153;dubwool:179;barbaracle:200;lapras:203
kingler,Kingler,55.1,144.5,115.6,93,1554,BUBBLE,CRABHAMMER,X_SCISSOR,45.3,31.4,53.7,18.2,raichu_alolan:639;espurr:575;swampert_shadow:548;hypno_shadow:543;slowpoke_shadow:543,miltank:166;dubwool:195;grumpig:215;lapras:279;hypno:428
seel,Seel,55.1,84,114.2,149,1431,WATER_GUN,AQUA_TAIL,ICY_WIND,52.3,49.4,46.2,34.2,armarouge:620;ursaring:583;ninetales_alolan:577;primarina:563;trumbeak:516,lapras:240;miltank:300;grumpig:321;hypno:343;dubwool:347
braviary_hisuian,Braviary (Hisuian),54.8,128.5,89.6,151,1741,AIR_SLASH,BRAVE_BIRD,FLY,42.8,27.9,56.7,29,gallade_shadow:705;slowbro:688;oinkologne_female:675;gallade:599;orbeetle:579,miltank:166;dubwool:195;grumpig:215;hypno:241;lapras:424
tranquill,Tranquill,54.8,123.9,102.2,143,1812,AIR_SLASH,HEAT_WAVE,AERIAL_ACE,44.7,29.6,55,30.7,oinkologne:667;florges:559;oinkologne_female:531;feraligatr_shadow:520;samurott:510,miltank:166;hypno:193;dubwool:195;grumpig:242;lapras:374
dottler,Dottler,54.4,85.7,144.5,127,1573,CONFUSION,BUG_BUZZ,PSYCHIC,45.2,30.2,62.8,31.5,gallade:673;hatterene:602;slowbro:594;gallade_shadow:570;dubwool:511,grumpig:140;miltank:190;barbaracle:239;lapras:349;hypno:411
corphish,Corphish,54.1,131,95.7,117,1469,BUBBLE,AQUA_JET,VICE_GRIP,44.4,33.5,51.5,18.5,bewear:713;ninetales_alolan_shadow:581;wyrdeer:559;swampert_shadow:547;dunsparce:517,miltank:166;grumpig:215;lapras:262;hypno:340;dubwool:363
indeedee_female,Indeedee (Female),54,121.7,128.2,118,1842,EXTRASENSORY,PSYCHIC,ENERGY_BALL,42.3,28.7,59.9,28,slowpoke:669;frillish:656;blastoise:593;slowbro:538;wailmer:525,grumpig:170;dubwool:238;hypno:336;miltank:400;lapras:497
simipour,Simipour,53.5,135.9,95.8,126,1642,WATER_GUN,SURF,CRUNCH,41.2,33.8,57.2,30.7,mewtwo_shadow:757;deoxys_defense:638;relicanth:630;victini:615;quagsire:515,lapras:164;miltank:223;hypno:258;dubwool:261;grumpig:276
braviary,Braviary,53.3,133.7,92.9,135,1678,AIR_SLASH,FLY,CLOSE_COMBAT,38.8,25.7,60.2,26.5,snorlax:696;kangaskhan:688;oinkologne_female:674;oinkologne:659;castform:614,miltank:166;hypno:193;dubwool:195;lapras:203;grumpig:246
hoopa,Hoopa,53.2,144.8,106.3,99,1524,CONFUSION,SHADOW_BALL,PSYCHIC,48.7,35.4,54.7,37.2,qwilfish_shadow:888;munchlax:686;golduck_shadow:676;palkia_shadow:651;dubwool:550,hypno:193;grumpig:208;lapras:270;miltank:283;barbaracle:369
audino,Audino,53.1,92.6,137.8,190,2428,ZEN_HEADBUTT,BODY_SLAM,DISARMING_VOICE,46.9,38.7,53.9,39.7,qwilfish:607;aipom_shadow:602;zoroark_hisuian:578;aipom:563;frillish:515,grumpig:140;lapras:268;hypno:272;dubwool:316;miltank:336
krabby,Krabby,52.8,148,111.2,92,1515,BUBBLE,VICE_GRIP,RAZOR_SHELL,52,49.4,50.5,19,raichu_alolan:614;swoobat:586;girafarig:586;ninetales_alolan_shadow:554;girafarig_shadow:505,dubwool:308;lapras:318;miltank:333;hypno:357;grumpig:412
flabebe,Flabebe,52.4,103.3,113.4,119,1395,VINE_WHIP,DAZZLING_GLEAM,PSYCHIC,36.1,26.1,59.5,23,zangoose:752;whiscash:626;latios:592;kingdra:554;latios_shadow:554,grumpig:140;miltank:143;hypno:146;dubwool:167;lapras:391
popplio,Popplio,52.4,113.4,99.1,127,1429,WATER_GUN,AQUA_TAIL,AQUA_JET,41.4,39.9,47,26,kabuto:669;marshtomp:610;sylveon:570;marshtomp_shadow:543;suicune:503,miltank:150;hypno:173;dubwool:175;lapras:234;grumpig:276
wugtrio,Wugtrio,52.2,151,108.6,90,1477,MUD_SLAP,LIQUIDATION,SURF,45.5,33.3,38.2,27.5,kabuto_shadow:861;omanyte_shadow:827;raichu_alolan:644;corsola:600;relicanth:550,miltank:213;hypno:221;dubwool:222;lapras:254;grumpig:276
clauncher,Clauncher,51.7,103.3,110.9,127,1456,WATER_GUN,AQUA_JET,CRABHAMMER,40.4,36.2,49.4,28,kabuto:677;omanyte_shadow:625;marshtomp_shadow:555;quagsire:547;quagsire_shadow:507,miltank:170;hypno:173;dubwool:175;grumpig:185;lapras:256
komala,Komala,51.7,136.8,110.2,109,1645,ROLLOUT,PAYBACK,BULLDOZE,41.4,37.7,62.3,18.2,frillish:784;mew:600;feraligatr:550;wailord:522;uxie:509,dubwool:140;lapras:203;hypno:238;grumpig:253;miltank:413
indeedee_male,Indeedee (Male),51.1,134.9,114.6,107,1656,EXTRASENSORY,SHADOW_BALL,PSYCHIC,34.8,23.6,60.5,21.5,frillish:672;chimecho:542;hypno:528;slowpoke_galarian:523;mesprit:518,grumpig:155;lapras:181;barbaracle:186;dubwool:191;miltank:323
totodile,Totodile,51.1,110.9,104.1,127,1468,WATER_GUN,AQUA_JET,CRUNCH,39.4,29.9,50.2,26.5,furfrou:665;kabuto:665;deoxys_defense:641;bouffalant:637;marshtomp:622,miltank:150;hypno:173;dubwool:175;grumpig:185;lapras:296
seadra,Seadra,51,131.3,117.5,110,1699,DRAGON_BREATH,HYDRO_PUMP,DRAGON_PULSE,39,24.1,56.7,26.2,sealeo_shadow:559;walrein_shadow:559;wailmer_shadow:554;dunsparce:531;quagsire:509,miltank:150;hypno:173;dubwool:175;grumpig:185;lapras:262
octillery,Octillery,50.9,131.5,100.7,128,1697,LOCK_ON,OCTAZOOKA,GUNK_SHOT,32.9,36.5,58.7,19.5,dachsbun:621;wailmer_shadow:582;primarina:546;azumarill:535;togetic:507,miltank:76;lapras:83;hypno:88;grumpig:94;dubwool:226
reuniclus,Reuniclus,50.9,126.9,94.9,147,1771,HIDDEN_POWER_FIGHTING,PSYSHOCK,SHADOW_BALL,40.4,21.2,51.5,26.5,dubwool:700;dudunsparce:595;dunsparce:574;slowpoke:517;lapras_shadow:510,grumpig:125;hypno:139;barbaracle:317;miltank:476;lapras:480
tranquill_shadow,Tranquill (Shadow),49.9,123.9,102.2,143,1812,AIR_SLASH,HEAT_WAVE,SKY_ATTACK,42.3,29.3,50.9,29.7,gallade_shadow:800;snorlax:688;oinkologne_female:674;oinkologne:660;castform:611,miltank:190;hypno:221;dubwool:222;lapras:226;grumpig:246
swirlix,Swirlix,49.8,104.1,112.6,145,1701,TACKLE,ENERGY_BALL,DRAINING_KISS,33.1,24.4,64.7,29.2,gumshoos:734;loudred_shadow:603;granbull:582;comfey:537;kecleon:517,lapras:192;hypno:200;grumpig:208;miltank:216;dubwool:253
totodile_shadow,Totodile (Shadow),49.7,110.9,104.1,127,1468,WATER_GUN,AQUA_JET,CRUNCH,39.6,33.3,42,25.5,corsola:625;tirtouga:594;deoxys_defense:582;marshtomp:543;relicanth:519,lapras:153;miltank:223;hypno:258;dubwool:261;grumpig:276
seadra_shadow,Seadra (Shadow),49.6,131.3,117.5,110,1699,DRAGON_BREATH,HYDRO_PUMP,DRAGON_PULSE,42.6,29,45,27.7,palkia_shadow:636;latios:631;walrein:559;sealeo:559;sealeo_shadow:522,lapras:203;miltank:223;hypno:258;dubwool:261;grumpig:276
munna,Munna,48.9,105.8,89.9,166,1580,CHARGE_BEAM,PSYSHOCK,DAZZLING_GLEAM,39.4,33.3,48.7,21,qwilfish:626;mantine:575;togetic:530;lapras_shadow:527;slowbro:503,grumpig:94;hypno:183;miltank:246;dubwool:292;lapras:307
deoxys_speed,Deoxys (Speed),48.6,140.7,131.5,86,1593,CHARGE_BEAM,PSYCHO_BOOST,SWIFT,44.2,42.5,45,19.5,golduck_shadow:761;primarina:627;weezing_galarian:534;pelipper:529;gallade_shadow:505,miltank:203;dubwool:230;hypno:248;grumpig:272;lapras:307
porygon_z,Porygon-Z,47.8,147.6,88.1,117,1522,LOCK_ON,TRI_ATTACK,ZAP_CANNON,39.3,19.4,45,10.5,raichu_alolan:782;azumarill:726;castform:679;linoone:645;furfrou:606,dubwool:78;hypno:88;grumpig:94;lapras:136;miltank:266
drizzile,Drizzile,47.7,137.8,92.1,128,1626,WATER_GUN,SURF,WATER_PULSE,40.9,30.9,44.9,29.2,mewtwo_shadow:761;deoxys_defense:644;relicanth:640;tirtouga:585;quagsire:511,lapras:164;miltank:223;hypno:258;dubwool:261;grumpig:276
frogadier,Frogadier,47.5,134.4,100.8,123,1668,BUBBLE,SURF,AERIAL_ACE,34.7,28.2,47.2,20.5,marshtomp:613;tirtouga:585;whiscash_shadow:573;marshtomp_shadow:516;kabuto:516,lapras:128;miltank:166;hypno:166;dubwool:167;grumpig:215
unfezant_shadow,Unfezant (Shadow),46.5,138.5,95.5,122,1616,AIR_SLASH,SKY_ATTACK,HEAT_WAVE,45,33.3,32.4,26,bewear:872;gallade_shadow:766;oinkologne_female:602;oinkologne:549;castform:520,miltank:213;hypno:248;lapras:248;dubwool:250;grumpig:276
frogadier_shadow,Frogadier (Shadow),46.3,134.4,100.8,123,1668,BUBBLE,SURF,AERIAL_ACE,36.4,29.3,35.1,20,corsola:593;tirtouga:585;whiscash:573;relicanth:528;marshtomp:520,lapras:136;miltank:190;hypno:221;dubwool:222;grumpig:246
piplup,Piplup,46,106.7,98.3,131,1374,BUBBLE,DRILL_PECK,ICY_WIND,38.2,33.2,38.7,19.2,litleo:595;armarouge:580;granbull:553;smoochum:538;pidgeotto_shadow:522,dubwool:140;grumpig:185;lapras:234;hypno:255;miltank:293
kadabra,Kadabra,45.9,163.8,90.9,92,1370,CONFUSION,SHADOW_BALL,DAZZLING_GLEAM,49.5,36.6,30.4,29,weezing_galarian_shadow:804;qwilfish:804;qwilfish_shadow:766;golduck_shadow:695;bewear:652,hypno:187;grumpig:231;miltank:270;dubwool:296;lapras:304
gorebyss,Gorebyss,45.8,136.2,121,100,1649,CONFUSION,WATER_PULSE,PSYCHIC,38.2,25.8,49.2,30.7,tauros_aqua:730;qwilfish_shadow:620;lumineon:595;suicune:555;castform_rainy:535,hypno:146;grumpig:162;miltank:186;dubwool:199;lapras:256
piplup_shadow,Piplup (Shadow),45.8,106.7,98.3,131,1374,BUBBLE,DRILL_PECK,ICY_WIND,36.3,30.9,37.9,16,porygon2_shadow:805;mr_mime:614;victini:591;loudred_shadow:541;armarouge:503,miltank:143;dubwool:167;grumpig:215;lapras:270;hypno:306
porygon_z_shadow,Porygon-Z (Shadow),45.4,147.6,88.1,117,1522,LOCK_ON,TRI_ATTACK,ZAP_CANNON,39.1,20.5,32.2,11.2,feraligatr_shadow:824;raichu_alolan:739;azumarill:688;toucannon:611;castform:508,dubwool:78;lapras:136;miltank:150;grumpig:185;hypno:299
unfezant,Unfezant,44.9,138.5,95.5,122,1616,AIR_SLASH,SKY_ATTACK,HEAT_WAVE,36.6,25.7,42.9,24.5,snorlax:659;oinkologne:631;oinkologne_female:627;castform:581;feraligatr:540,miltank:190;hypno:193;dubwool:195;lapras:203;grumpig:246
clawitzer,Clawitzer,44.4,134.4,110.5,112,1664,WATER_GUN,CRABHAMMER,ICE_BEAM,39.9,30.8,45,29.2,delphox:776;corsola:625;victini:620;dunsparce:526;tirtouga:526,lapras:175;miltank:223;hypno:258;dubwool:261;grumpig:276
inteleon,Inteleon,44.4,153.4,89,107,1462,WATER_GUN,SURF,SHADOW_BALL,40.7,29.9,37.2,25.2,armarouge:785;alakazam_shadow:700;mewtwo_shadow:668;deoxys_defense:574;castform_rainy:523,lapras:136;miltank:223;hypno:258;dubwool:261;grumpig:276
tatsugiri_curly,Tatsugiri (Curly),44.2,137.4,108.1,109,1619,WATER_GUN,SURF,OUTRAGE,41.7,29.6,37.9,28.7,relicanth:779;lumineon:610;milotic:577;alomomola:555;castform_rainy:522,lapras:175;hypno:258;dubwool:261;grumpig:276;miltank:293
tatsugiri_droopy,Tatsugiri (Droopy),44.2,137.4,108.1,109,1619,WATER_GUN,SURF,OUTRAGE,41.7,29.6,37.9,28.7,relicanth:779;lumineon:610;milotic:577;alomomola:555;castform_rainy:522,lapras:175;hypno:258;dubwool:261;grumpig:276;miltank:293
tatsugiri_stretchy,Tatsugiri (Stretchy),44.2,137.4,108.1,109,1619,WATER_GUN,SURF,OUTRAGE,41.7,29.6,37.9,28.7,relicanth:779;lumineon:610;milotic:577;alomomola:555;castform_rainy:522,lapras:175;hypno:258;dubwool:261;grumpig:276;miltank:293
solosis_shadow,Solosis (Shadow),41.9,152,81.8,118,1468,HIDDEN_POWER_PSYCHIC,PSYSHOCK,NIGHT_SHADE,40.1,29.4,29.9,23.2,tauros_aqua:792;quaquaval:758;granbull_shadow:610;tentacruel_shadow:576;tentacruel:555,hypno:166;grumpig:215;miltank:236;dubwool:250;lapras:270
duosion_shadow,Duosion (Shadow),41.7,149.2,81.9,123,1504,HIDDEN_POWER_PSYCHIC,PSYSHOCK,NIGHT_SHADE,39.3,28.5,30.4,23.7,tauros_aqua:800;quaquaval:768;granbull_shadow:626;tentacruel_shadow:593;tentacruel:573,hypno:166;grumpig:185;miltank:236;lapras:248;dubwool:250
duosion,Duosion,41.6,149.2,81.9,123,1504,HIDDEN_POWER_PSYCHIC,PSYSHOCK,NIGHT_SHADE,33.1,24.7,40,22.5,quaquaval:752;urshifu_rapid_strike:711;tentacruel_shadow:573;wobbuffet_shadow:569;lopunny:544,grumpig:155;hypno:173;dubwool:222;lapras:226;miltank:243
solosis,Solosis,39.7,152,81.8,118,1468,HIDDEN_POWER_PSYCHIC,PSYSHOCK,NIGHT_SHADE,32.4,24.7,38.6,22,tauros_aqua:788;quaquaval:741;urshifu_rapid_strike:699;grafaiai:601;tentacruel_shadow:555,hypno:173;grumpig:185;miltank:190;dubwool:222;lapras:226
spoink_shadow,Spoink (Shadow),32.3,117.6,115.1,141,1910,ZEN_HEADBUTT,SHADOW_BALL,MIRROR_COAT,32.8,23.6,21.4,26.2,urshifu_rapid_strike:719;grafaiai:656;tentacool_shadow:641;tauros_aqua:609;skrelp:521,hypno:125;grumpig:151;lapras:226;miltank:236;dubwool:304
regigigas,Regigigas,31.1,139.8,104.3,110,1605,HIDDEN_POWER_GROUND,CRUSH_GRIP,FOCUS_BLAST,28.9,20.9,29.6,22.2,blissey:631;grafaiai:595;kabutops_shadow:577;spoink:522;heliolisk:518,hypno:166;lapras:181;dubwool:191;grumpig:215;miltank:236
clefairy,Clefairy,30.4,102.5,103.3,157,1664,ZEN_HEADBUTT,DISARMING_VOICE,BODY_SLAM,21,16.7,35.6,18,regigigas_shadow:614;gumshoos:585;granbull:579;loudred:512;flabebe:503,hypno:95;grumpig:106;lapras:170;miltank:256;dubwool:273
spoink,Spoink,29.5,117.6,115.1,141,1910,ZEN_HEADBUTT,SHADOW_BALL,RETURN,28.6,20.9,24.9,25.2,urshifu_rapid_strike:748;unown:695;audino:663;deoxys_defense:546;quaquaval:531,grumpig:121;hypno:125;lapras:217;miltank:243;dubwool:285
regigigas_shadow,Regigigas (Shadow),26.6,140.2,102,110,1574,HIDDEN_POWER_ICE,CRUSH_GRIP,THUNDER,26.9,18.2,18.1,18.2,dodrio:631;latios_shadow:609;trumbeak_shadow:586;xatu_shadow:586;toucannon_shadow:540,lapras:92;miltank:190;hypno:193;dubwool:195;grumpig:246
unown,Unown,26.5,126.8,89,125,1413,HIDDEN_POWER_PSYCHIC,STRUGGLE,,28.3,21.4,14.4,21,urshifu_rapid_strike:683;grafaiai:596;regigigas_shadow:564;wugtrio:528;regigigas:516,hypno:136;grumpig:151;lapras:201;miltank:256;dubwool:273
slaking_shadow,Slaking (Shadow),18.1,138.8,83.1,140,1616,YAWN,BODY_SLAM,EARTHQUAKE,11.1,14.6,22.6,5,,lapras:19;dubwool:19;miltank:23;grumpig:26;hypno:193
slaking,Slaking,17.3,138.8,83.1,140,1616,YAWN,BODY_SLAM,EARTHQUAKE,12.1,14.8,19.6,5.5,regigigas:532,lapras:19;grumpig:26;hypno:166;miltank:173;dubwool:183